Person_ID,Name,Title,Institution,Start_Year,End_Year,Source,Notes
P001,Kassym-Jomart Tokayev,Deputy Foreign Minister,Ministry of Foreign Affairs (MFA),1992,1993,https://www.akorda.kz/en/president/president,
P001,Kassym-Jomart Tokayev,First Deputy Foreign Minister,Ministry of Foreign Affairs (MFA),1993,1994,https://www.akorda.kz/en/president/president,
P001,Kassym-Jomart Tokayev,Minister of Foreign Affairs,Ministry of Foreign Affairs (MFA),1994,1999,https://www.akorda.kz/en/president/president,
P001,Kassym-Jomart Tokayev,Deputy Prime Minister,Government of Kazakhstan (Balgimbayev Government),1999,1999,https://www.akorda.kz/en/president/president,
P001,Kassym-Jomart Tokayev,Prime Minister,Government of Kazakhstan (Tokayev Government),1999,2002,https://www.akorda.kz/en/president/president,
P001,Kassym-Jomart Tokayev,Minister of Foreign Affairs,Ministry of Foreign Affairs (MFA),2003,2007,https://www.akorda.kz/en/president/president,
P001,Kassym-Jomart Tokayev,Chairman of the Senate,Senate,2007,2011,https://www.akorda.kz/en/president/president,
P001,Kassym-Jomart Tokayev,Director-General,United Nations Office at Geneva (UNOG),2011,2013,,
P001,Kassym-Jomart Tokayev,Chairman of the Senate,Senate,2013,2019,https://www.akorda.kz/en/president/president,
P001,Kassym-Jomart Tokayev,President,Akorda,2019,2026,https://www.akorda.kz/en/president/president,
P001,Kassym-Jomart Tokayev,Chairman,Akorda,2022,2026,https://www.akorda.kz/en/president/president,
P002,Erlan Karin,Non-staff adviser to the Prime Minister,Government of Kazakhstan (Tasmagambetov Government),2002,2003,,"Year-only source data; government assignment/split based on researched cabinet transition dates, not an exact-date source."
P002,Erlan Karin,First Deputy Chairman,Republican Asar Party,2003,2004,,
P002,Erlan Karin,Adviser to Akim of Mangystau Region,Mangystau Region Akimat,2006,2008,https://www.akorda.kz/en/executive_office/executive_office_stucture/the-state-secretary-of-the-republic-of-kazakhstan,
P002,Erlan Karin,Secretary for Strategic Development,Nur Otan Party,2008,2013,,
P002,Erlan Karin,Director,Kazakhstan Institute for Strategic Studies,2014,2017,,
P002,Erlan Karin,Advisor to the President,Akorda,2019,2020,,
P002,Erlan Karin,Assistant to the President,Akorda,2020,2022,,
P002,Erlan Karin,State Counselor,Akorda,2022,Present,,
P002,Erlan Karin,State Secretary,Akorda,2022,2022,,
P003,Asel Zhubanyshevna Zhanasova,"Deputy Director, Digital Technologies Department",National Bank of Kazakhstan,2014,2016,https://www.akorda.kz/ru/zamestitel-rukovoditelya-administracii-prezidenta-respubliki-kazahstan-zhanasova-asel-zhubanyshevna-1011123,
P003,Asel Zhubanyshevna Zhanasova,Chairwoman of Board,National Management Holding Zerde JSC,2016,2017,https://www.akorda.kz/ru/zamestitel-rukovoditelya-administracii-prezidenta-respubliki-kazahstan-zhanasova-asel-zhubanyshevna-1011123,
P003,Asel Zhubanyshevna Zhanasova,Adviser to the Governor,Astana International Financial Centre (AIFC),2017,2018,https://www.akorda.kz/ru/zamestitel-rukovoditelya-administracii-prezidenta-respubliki-kazahstan-zhanasova-asel-zhubanyshevna-1011123,
P003,Asel Zhubanyshevna Zhanasova,Vice Minister of Trade and Integration,Ministry of Trade and Integration,2020,2022,https://primeminister.kz/en/hrpolitic/appointments/asel-zhanasova-naznachena-vice-ministrom-torgovli-i-integracii-rk-2062833,
P003,Asel Zhubanyshevna Zhanasova,Chair of the Management Board / CEO,Kazpost JSC,2022,2025,https://inbusiness.kz/ru/appointment/dose-zhanasova-asel-zhubanyshevna,
P003,Asel Zhubanyshevna Zhanasova,Adviser to the President,Akorda,2025,2025,https://www.akorda.kz/ru/rasporyazheniem-glavy-gosudarstva-zhanasova-asel-zhubanyshevna-naznachena-sovetnikom-prezidenta-respubliki-kazahstan-854212,
P003,Asel Zhubanyshevna Zhanasova,"Deputy Head of the Administration ""Akorda""",Akorda,2025,Present,https://www.akorda.kz/ru/zamestitel-rukovoditelya-administracii-prezidenta-respubliki-kazahstan-zhanasova-asel-zhubanyshevna-1011123,
P004,Yerzhan Zhiyenbayev,"Multiple Roles, Legal Affairs Dept",Government of Kazakhstan (Akhmetov (Daniyal) Government),2005,2007,https://www.akorda.kz/en/executive_office/executive_office_stucture/deputy-chief-of-staff-of-the-president-of-the-republic-of-kazakhstan-yerzhan-zhienbayev,"Year-only source data; government assignment/split based on researched cabinet transition dates, not an exact-date source. Split across Akhmetov (Daniyal)/Massimov I/Massimov II governments."
P004,Yerzhan Zhiyenbayev,"Multiple Roles, Legal Affairs Dept",Government of Kazakhstan (Massimov I Government),2007,2011,https://www.akorda.kz/en/executive_office/executive_office_stucture/deputy-chief-of-staff-of-the-president-of-the-republic-of-kazakhstan-yerzhan-zhienbayev,"Year-only source data; government assignment/split based on researched cabinet transition dates, not an exact-date source. Split across Akhmetov (Daniyal)/Massimov I/Massimov II governments."
P004,Yerzhan Zhiyenbayev,"Multiple Roles, Legal Affairs Dept",Government of Kazakhstan (Massimov II Government),2011,2012,https://www.akorda.kz/en/executive_office/executive_office_stucture/deputy-chief-of-staff-of-the-president-of-the-republic-of-kazakhstan-yerzhan-zhienbayev,"Year-only source data; government assignment/split based on researched cabinet transition dates, not an exact-date source. Split across Akhmetov (Daniyal)/Massimov I/Massimov II governments."
P004,Yerzhan Zhiyenbayev,"Deputy Head, Legislation, Defense and Law Enforcement Department",Government of Kazakhstan (Akhmetov (Serik) Government),2012,2013,https://www.akorda.kz/en/executive_office/executive_office_stucture/deputy-chief-of-staff-of-the-president-of-the-republic-of-kazakhstan-yerzhan-zhienbayev,"Year-only source data; government assignment/split based on researched cabinet transition dates, not an exact-date source."
P004,Yerzhan Zhiyenbayev,"Head, Legal Department",Government of Kazakhstan (Akhmetov (Serik) Government),2013,2014,https://www.akorda.kz/en/executive_office/executive_office_stucture/deputy-chief-of-staff-of-the-president-of-the-republic-of-kazakhstan-yerzhan-zhienbayev,"Year-only source data; government assignment/split based on researched cabinet transition dates, not an exact-date source. Split across Akhmetov (Serik)/Massimov III/Sagintayev governments."
P004,Yerzhan Zhiyenbayev,"Head, Legal Department",Government of Kazakhstan (Massimov III Government),2014,2016,https://www.akorda.kz/en/executive_office/executive_office_stucture/deputy-chief-of-staff-of-the-president-of-the-republic-of-kazakhstan-yerzhan-zhienbayev,"Year-only source data; government assignment/split based on researched cabinet transition dates, not an exact-date source. Split across Akhmetov (Serik)/Massimov III/Sagintayev governments."
P004,Yerzhan Zhiyenbayev,"Head, Legal Department",Government of Kazakhstan (Sagintayev Government),2016,2019,https://www.akorda.kz/en/executive_office/executive_office_stucture/deputy-chief-of-staff-of-the-president-of-the-republic-of-kazakhstan-yerzhan-zhienbayev,"Year-only source data; government assignment/split based on researched cabinet transition dates, not an exact-date source. Split across Akhmetov (Serik)/Massimov III/Sagintayev governments."
P004,Yerzhan Zhiyenbayev,Deputy Head of the Office of the Prime Minister,Government of Kazakhstan (Mamin I Government),2019,2019,https://www.akorda.kz/en/executive_office/executive_office_stucture/deputy-chief-of-staff-of-the-president-of-the-republic-of-kazakhstan-yerzhan-zhienbayev,"Year-only source data; government assignment/split based on researched cabinet transition dates, not an exact-date source. Assumed to fall under Mamin I (formed Feb 2019) based on subsequent move to Akorda later in 2019."
P004,Yerzhan Zhiyenbayev,Deputy Head of the Administration of the President of the Republic of Kazakhstan,Akorda,2019,2023,https://www.akorda.kz/en/executive_office/executive_office_stucture/deputy-chief-of-staff-of-the-president-of-the-republic-of-kazakhstan-yerzhan-zhienbayev,
P004,Yerzhan Zhiyenbayev,Assistant to the President of the Republic of Kazakhstan for Legal Affairs,Akorda,2023,2026,https://www.akorda.kz/ru/executive_office/executive_office_stucture/zamestitel-rukovoditelya-administracii-prezidenta-respubliki-kazahstan-zhienbaev-erzhan-nurlanovich,
P004,Yerzhan Zhiyenbayev,"Deputy Head of the Administration ""Akorda""",Akorda,2026,Present,https://www.akorda.kz/ru/executive_office/executive_office_stucture/zamestitel-rukovoditelya-administracii-prezidenta-respubliki-kazahstan-zhienbaev-erzhan-nurlanovich,
P005,Gizat Nurdauletov,Unknown,National Security Committee (KNB),1997,2007,https://prg.kz/document/?doc_id=31386249,
P005,Gizat Nurdauletov,Head of Department of the National Security Committee for Almaty Region,National Security Committee (KNB),2007,2017,https://prg.kz/document/?doc_id=31386249,
P005,Gizat Nurdauletov,First Deputy Prosecutor General,Prosecutor General's Office,2017,2019,https://www.akorda.kz/ru/executive_office/executive_office_stucture/pomoshchnik-prezidenta-sekretar-soveta-bezopasnosti-respubliki-kazahstan,
P005,Gizat Nurdauletov,Prosecutor General,Prosecutor General's Office,2019,2022,https://www.akorda.kz/ru/executive_office/executive_office_stucture/pomoshchnik-prezidenta-sekretar-soveta-bezopasnosti-respubliki-kazahstan,
P005,Gizat Nurdauletov,Assistant to the President / Secretary of the Security Council,Security Council (Akorda),2022,2023,https://www.akorda.kz/ru/executive_office/executive_office_stucture/pomoshchnik-prezidenta-sekretar-soveta-bezopasnosti-respubliki-kazahstan,
P005,Gizat Nurdauletov,Secretary of the Security Council,Security Council (Akorda),2023,Present,https://www.akorda.kz/ru/executive_office/executive_office_stucture/pomoshchnik-prezidenta-sekretar-soveta-bezopasnosti-respubliki-kazahstan,
P006,Arman Orazbaevich Kyrykbayev,Attache / Third Secretary,Embassy of Kazakhstan in Uzbekistan (MFA),1997,2000,https://www.akorda.kz/ru/pomoshchnik-prezidenta-respubliki-kazahstan-po-voprosam-vnutrenney-politiki-i-kommunikaciyam-kyrykbaev-arman-orazbaevich-251928,
P006,Arman Orazbaevich Kyrykbayev,Second Secretary,Ministry of Foreign Affairs (MFA),2002,2002,https://www.akorda.kz/ru/pomoshchnik-prezidenta-respubliki-kazahstan-po-voprosam-vnutrenney-politiki-i-kommunikaciyam-kyrykbaev-arman-orazbaevich-251928,
P006,Arman Orazbaevich Kyrykbayev,"Deputy Akim of Medeu District, Almaty",Almaty City Akimat,2005,2005,https://prg.kz/document/?doc_id=31137994,
P006,Arman Orazbaevich Kyrykbayev,"Director, State Fund for Youth Policy Development of Almaty",Almaty City Akimat,2005,2006,https://www.akorda.kz/ru/pomoshchnik-prezidenta-respubliki-kazahstan-po-voprosam-vnutrenney-politiki-i-kommunikaciyam-kyrykbaev-arman-orazbaevich-251928,
P006,Arman Orazbaevich Kyrykbayev,"Director, Department of Socio-Political Work and Public Relations",Ministry of Culture and Information,2006,2008,https://www.akorda.kz/ru/pomoshchnik-prezidenta-respubliki-kazahstan-po-voprosam-vnutrenney-politiki-i-kommunikaciyam-kyrykbaev-arman-orazbaevich-251928,
P006,Arman Orazbaevich Kyrykbayev,"Chair, Culture Committee",Ministry of Culture and Information,2008,2010,https://www.akorda.kz/ru/pomoshchnik-prezidenta-respubliki-kazahstan-po-voprosam-vnutrenney-politiki-i-kommunikaciyam-kyrykbaev-arman-orazbaevich-251928,
P006,Arman Orazbaevich Kyrykbayev,Deputy Akim of Karaganda Region,Karaganda Region Akimat,2010,2012,https://www.akorda.kz/ru/pomoshchnik-prezidenta-respubliki-kazahstan-po-voprosam-vnutrenney-politiki-i-kommunikaciyam-kyrykbaev-arman-orazbaevich-251928,
P006,Arman Orazbaevich Kyrykbayev,Vice Minister of Culture and Information,Ministry of Culture and Information,2012,2013,https://www.akorda.kz/ru/pomoshchnik-prezidenta-respubliki-kazahstan-po-voprosam-vnutrenney-politiki-i-kommunikaciyam-kyrykbaev-arman-orazbaevich-251928,
P006,Arman Orazbaevich Kyrykbayev,Adviser to the First Deputy Chair of Nur Otan,Nur Otan Party,2014,2015,https://www.akorda.kz/ru/pomoshchnik-prezidenta-respubliki-kazahstan-po-voprosam-vnutrenney-politiki-i-kommunikaciyam-kyrykbaev-arman-orazbaevich-251928,
P006,Arman Orazbaevich Kyrykbayev,Deputy Akim of Almaty,Almaty City Akimat,2015,2019,https://www.akorda.kz/ru/pomoshchnik-prezidenta-respubliki-kazahstan-po-voprosam-vnutrenney-politiki-i-kommunikaciyam-kyrykbaev-arman-orazbaevich-251928,
P006,Arman Orazbaevich Kyrykbayev,Secretary of Nur Otan,Nur Otan Party,2020,2022,https://www.akorda.kz/ru/pomoshchnik-prezidenta-respubliki-kazahstan-po-voprosam-vnutrenney-politiki-i-kommunikaciyam-kyrykbaev-arman-orazbaevich-251928,
P006,Arman Orazbaevich Kyrykbayev,Deputy Akim of Almaty,Almaty City Akimat,2022,2024,https://www.akorda.kz/ru/pomoshchnik-prezidenta-respubliki-kazahstan-po-voprosam-vnutrenney-politiki-i-kommunikaciyam-kyrykbaev-arman-orazbaevich-251928,
P006,Arman Orazbaevich Kyrykbayev,"Head, Communications Department",Akorda,2024,2025,https://www.akorda.kz/ru/pomoshchnik-prezidenta-respubliki-kazahstan-po-voprosam-vnutrenney-politiki-i-kommunikaciyam-kyrykbaev-arman-orazbaevich-251928,
P006,Arman Orazbaevich Kyrykbayev,Assistant to the President on Domestic Policy and Communications,Akorda,2025,Present,https://www.akorda.kz/ru/o-kyrykbaeve-ao-2414653,
P007,Kuanyshbek Esekeev,"Senior Lecturer, Department of Applied Mathematics",Al-Farabi Kazakh National University (KazNU),1997,1998,,
P007,Kuanyshbek Esekeev,"Director, Department of Information Technologies",Kazakhoil JSC,1998,2000,,
P007,Kuanyshbek Esekeev,Department Head,Kazakhstan Temir Zholy JSC,2000,2002,,
P007,Kuanyshbek Esekeev,"Director, Department of Informatization",Ministry of Finance,2002,2002,,
P007,Kuanyshbek Esekeev,"Director, Department of Informatization",Ministry of Economy and Budget Planning,2002,2003,,
P007,Kuanyshbek Esekeev,"Director, Department of Information Technologies",Ministry of Finance,2003,2004,,
P007,Kuanyshbek Esekeev,Deputy Chairman,Agency for Informatization and Communications,2004,2006,,
P007,Kuanyshbek Esekeev,Acting Chairman,Agency for Informatization and Communications,2006,2007,,
P007,Kuanyshbek Esekeev,Chairman,Agency for Informatization and Communications,2007,2010,,
P007,Kuanyshbek Esekeev,Chairman of the Management Board,Kazakhtelecom JSC,2010,2024,,
P007,Kuanyshbek Esekeev,Adviser to the President of the Republic of Kazakhstan,Akorda,2024,2025,,
P007,Kuanyshbek Esekeev,Assistant to the President of the Republic of Kazakhstan,Akorda,2025,Present,,
P008,Murat Nurtleu,Referent; Attache,State Protocol Service (MFA),1998,1999,https://www.akorda.kz/ru/pomoshchnik-prezidenta-respubliki-kazahstan-po-mezhdunarodnomu-investicionnomu-i-torgovomu-sotrudnichestvu-nurtleu-murat-abugaliuly-268126,
P008,Murat Nurtleu,Attache,Embassy of Kazakhstan in Malaysia (MFA),1999,2003,https://www.akorda.kz/ru/pomoshchnik-prezidenta-respubliki-kazahstan-po-mezhdunarodnomu-investicionnomu-i-torgovomu-sotrudnichestvu-nurtleu-murat-abugaliuly-268126,
P008,Murat Nurtleu,Second Secretary,Asia and Africa Department (MFA),2003,2004,https://www.akorda.kz/ru/pomoshchnik-prezidenta-respubliki-kazahstan-po-mezhdunarodnomu-investicionnomu-i-torgovomu-sotrudnichestvu-nurtleu-murat-abugaliuly-268126,
P008,Murat Nurtleu,Advisor to the Minister,Ministry of Foreign Affairs (MFA),2004,2006,https://www.akorda.kz/ru/pomoshchnik-prezidenta-respubliki-kazahstan-po-mezhdunarodnomu-investicionnomu-i-torgovomu-sotrudnichestvu-nurtleu-murat-abugaliuly-268126,
P008,Murat Nurtleu,Head of the Secretariat of the Minister,Ministry of Foreign Affairs (MFA),2007,2007,https://www.akorda.kz/ru/pomoshchnik-prezidenta-respubliki-kazahstan-po-mezhdunarodnomu-investicionnomu-i-torgovomu-sotrudnichestvu-nurtleu-murat-abugaliuly-268126,
P008,Murat Nurtleu,Deputy Head of the Senate Apparatus,Senate,2007,2007,https://www.akorda.kz/ru/pomoshchnik-prezidenta-respubliki-kazahstan-po-mezhdunarodnomu-investicionnomu-i-torgovomu-sotrudnichestvu-nurtleu-murat-abugaliuly-268126,
P008,Murat Nurtleu,Head of the Senate Apparatus,Senate,2007,2011,https://www.akorda.kz/ru/pomoshchnik-prezidenta-respubliki-kazahstan-po-mezhdunarodnomu-investicionnomu-i-torgovomu-sotrudnichestvu-nurtleu-murat-abugaliuly-268126,
P008,Murat Nurtleu,Ambassador-at-Large,Ministry of Foreign Affairs (MFA),2011,2011,https://www.akorda.kz/ru/pomoshchnik-prezidenta-respubliki-kazahstan-po-mezhdunarodnomu-investicionnomu-i-torgovomu-sotrudnichestvu-nurtleu-murat-abugaliuly-268126,
P008,Murat Nurtleu,"Director, Asia and Africa Department",Ministry of Foreign Affairs (MFA),2011,2011,https://www.akorda.kz/ru/pomoshchnik-prezidenta-respubliki-kazahstan-po-mezhdunarodnomu-investicionnomu-i-torgovomu-sotrudnichestvu-nurtleu-murat-abugaliuly-268126,
P008,Murat Nurtleu,Minister-Counsellor,Permanent Mission of Kazakhstan in Geneva (MFA),2011,2014,https://www.akorda.kz/ru/pomoshchnik-prezidenta-respubliki-kazahstan-po-mezhdunarodnomu-investicionnomu-i-torgovomu-sotrudnichestvu-nurtleu-murat-abugaliuly-268126,
P008,Murat Nurtleu,"Deputy Head, Foreign Policy Center",Akorda,2014,2016,https://www.akorda.kz/ru/pomoshchnik-prezidenta-respubliki-kazahstan-po-mezhdunarodnomu-investicionnomu-i-torgovomu-sotrudnichestvu-nurtleu-murat-abugaliuly-268126,
P008,Murat Nurtleu,Ambassador to Finland,Embassy of Kazakhstan in Finland (MFA),29.03.2016,24.03.2019,https://www.inform.kz/ru/murat-nurtleuov-naznachen-pomoschnikom-prezidenta-respubliki-kazahstan_a3510349,
P008,Murat Nurtleu,"Ambassador to Estonia, concurrently",Embassy of Kazakhstan in Estonia (MFA),2.2017,24.03.2019,https://www.inform.kz/ru/murat-nurtleuov-naznachen-pomoschnikom-prezidenta-respubliki-kazahstan_a3510349,
P008,Murat Nurtleu,Assistant to the President,Akorda,24.03.2019,25.02.2021,https://www.akorda.kz/ru/legal_acts/decrees/ukazom-glavy-gosudarstva-nurtleuov-murat-abugalievich-naznachen-pomoshchnikom-prezidenta-respubliki-kazahstan-on-osvobozhden-ot-dolzhnosti-c,
P008,Murat Nurtleu,Deputy Head,Akorda,25.02.2021,05.01.2022,https://www.inform.kz/ru/murat-nurtileu-naznachen-zamestitelem-rukovoditelya-administracii-prezidenta-rk_a3757446,
P008,Murat Nurtleu,First Deputy Chairman,National Security Committee (KNB),05.01.2022,01.02.2022,https://www.akorda.kz/ru/rasporyazheniem-glavy-gosudarstva-nurtleu-murat-abugalievich-naznachen-pervym-zamestitelem-predsedatelya-komiteta-nacionalnoy-bezopasnosti-respubliki-kazahstan-502125,
P008,Murat Nurtleu,Head,Akorda,01.02.2022,03.04.2023,https://www.akorda.kz/ru/o-naznachenii-nurtleu-ma-113241,
P008,Murat Nurtleu,Deputy Prime Minister; Minister of Foreign Affairs,Government of Kazakhstan (Smailov II Government); Ministry of Foreign Affairs (MFA),03.04.2023,06.02.2024,https://www.akorda.kz/ru/o-nurtleu-ma-335256,
P008,Murat Nurtleu,Deputy Prime Minister; Minister of Foreign Affairs,Government of Kazakhstan (Bektenov Government); Ministry of Foreign Affairs (MFA),06.02.2024,26.09.2025,https://www.akorda.kz/ru/o-naznachenii-nurtleu-ma-61535,
P008,Murat Nurtleu,Assistant to the President for International Investment and Trade Cooperation,Akorda,26.09.2025,Present,https://www.akorda.kz/ru/o-nurtleu-ma-2685648,
P009,Nurlan Baibazarov,Specialist / Chief Specialist / Head of Department,Ministry of Finance,1997,2003,https://www.akorda.kz/ru/pomoshchnik-prezidenta-respubliki-kazahstan-po-ekonomicheskim-voprosam-baybazarov-nurlan-serikovich-2522338,
P009,Nurlan Baibazarov,Head of Agency Services Department / Managing Director for Investment Projects / Corporate Development Director / Corporate Secretary,Development Bank of Kazakhstan JSC,2004,2011,https://www.akorda.kz/ru/pomoshchnik-prezidenta-respubliki-kazahstan-po-ekonomicheskim-voprosam-baybazarov-nurlan-serikovich-2522338,
P009,Nurlan Baibazarov,"Director, Economic Sectors Development Department",Ministry of National Economy,2013,2016,https://www.akorda.kz/ru/pomoshchnik-prezidenta-respubliki-kazahstan-po-ekonomicheskim-voprosam-baybazarov-nurlan-serikovich-2522338,
P009,Nurlan Baibazarov,Member of Board of Directors; Chairman of Management Board,Industrial Development Fund JSC,7.2016,17.11.2022,https://www.inform.kz/person/nurlan-serikovich-baibazarov-1736343957/,
P009,Nurlan Baibazarov,Chairman of Management Board,Development Bank of Kazakhstan JSC,16.11.2022,10.10.2023,https://idfrk.kz/en/pr/news/nurlan-baibazarov-headed-the-development-bank-of-kazakhstan-jsc,
P009,Nurlan Baibazarov,Chairman of Management Board,Baiterek National Holding JSC,10.10.2023,06.02.2024,https://www.inform.kz/ru/nurlan-baybazarov-naznachen-vitse-premerom-ministrom-natsionalnoy-ekonomiki-rk-0c42e1,
P009,Nurlan Baibazarov,Member of Board of Directors,Baiterek National Holding JSC,11.10.2023,06.02.2024,https://www.inform.kz/ru/nurlan-baybazarov-naznachen-vitse-premerom-ministrom-natsionalnoy-ekonomiki-rk-0c42e1,
P009,Nurlan Baibazarov,Deputy Prime Minister - Minister of National Economy,Government of Kazakhstan (Bektenov Government); Ministry of National Economy,06.02.2024,21.12.2024,https://www.akorda.kz/ru/ukazom-glavy-gosudarstva-baybazarov-nurlan-serikovich-osvobozhden-ot-dolzhnosti-zamestitelya-premer-ministra-ministra-nacionalnoy-ekonomiki-respubliki-kazahstan-21112922,
P009,Nurlan Baibazarov,Adviser to the Prime Minister on Economic Affairs,Government of Kazakhstan (Bektenov Government),2.2025,10.2025,https://www.akorda.kz/ru/pomoshchnik-prezidenta-respubliki-kazahstan-po-ekonomicheskim-voprosam-baybazarov-nurlan-serikovich-2522338,
P009,Nurlan Baibazarov,Head of Investment and Trade Department,Akorda,15.10.2025,25.03.2026,https://www.akorda.kz/ru/rasporyazheniem-glavy-gosudarstva-baybazarov-nurlan-serikovich-naznachen-zaveduyushchim-otdelom-investiciy-i-torgovli-administracii-prezidenta-respubliki-kazahstan-1591849,
P009,Nurlan Baibazarov,Assistant to the President on Economic Affairs,Akorda,25.03.2026,Present,https://www.akorda.kz/ru/o-baybazarove-ns-252045,
P009,Nurlan Baibazarov,Member of Board of Directors,Baiterek National Holding JSC,30.04.2026,Present,https://baiterek.gov.kz/en/about-holding/management/dir/baibazarov-nurlan-serikovich/,
P010,Bakytzhan Sariev,"Specialist; Senior Specialist; Referent; Senior Referent, Department of Documentation Support",Government of Kazakhstan (Kazhegeldin Government),1996,10.10.1997,https://www.akorda.kz/ru/executive_office/executive_office_stucture/nachalnik-kancelyarii-prezidenta-respubliki-kazahstan-,
P010,Bakytzhan Sariev,"Specialist; Senior Specialist; Referent; Senior Referent, Department of Documentation Support",Government of Kazakhstan (Balgimbayev Government),10.10.1997,1999,https://www.akorda.kz/ru/executive_office/executive_office_stucture/nachalnik-kancelyarii-prezidenta-respubliki-kazahstan-,
P010,Bakytzhan Sariev,"Head of Control Division, Personnel and Control Directorate, Administration Department",Ministry of Foreign Affairs (MFA),1999,2002,https://www.akorda.kz/ru/executive_office/executive_office_stucture/nachalnik-kancelyarii-prezidenta-respubliki-kazahstan-,
P010,Bakytzhan Sariev,"Head of Personnel Directorate, Office of the Ministry",Ministry of Foreign Affairs (MFA),2002,2003,https://www.akorda.kz/ru/executive_office/executive_office_stucture/nachalnik-kancelyarii-prezidenta-respubliki-kazahstan-,
P010,Bakytzhan Sariev,Head of Staff,Ministry of Foreign Affairs (MFA),2003,2007,https://www.akorda.kz/ru/executive_office/executive_office_stucture/nachalnik-kancelyarii-prezidenta-respubliki-kazahstan-,
P010,Bakytzhan Sariev,Head of the Minister's Office,Ministry of Foreign Affairs (MFA),2007,2019,https://www.akorda.kz/ru/executive_office/executive_office_stucture/nachalnik-kancelyarii-prezidenta-respubliki-kazahstan-,
P010,Bakytzhan Sariev,Ethics Commissioner,Ministry of Foreign Affairs (MFA),2.2016,10.2017,https://www.akorda.kz/ru/executive_office/executive_office_stucture/nachalnik-kancelyarii-prezidenta-respubliki-kazahstan-,
P010,Bakytzhan Sariev,Deputy Head of the Office of the President,Akorda,3.2019,02.07.2019,https://www.inform.kz/ru/bakytzhan-sariev-naznachen-nachal-nikom-kancelyarii-prezidenta-rk_a3944352,
P010,Bakytzhan Sariev,Head of the Department of Civil Service and Personnel Policy,Akorda,02.07.2019,14.06.2022,https://www.akorda.kz/ru/legal_acts/bylaws/rasporyazheniyami-glavy-gosudarstva-15,
P010,Bakytzhan Sariev,Head of the Office of the President,Akorda,14.06.2022,Present,https://www.akorda.kz/ru/o-sarieve-bsh-1452526,
P011,Roman Sklyar,Safety Engineer,Vakhinvest,1990,1990,https://www.akorda.kz/ru/executive_office/executive_office_stucture/rukovoditel-administracii-prezidenta-respubliki-kazahstan,
P011,Roman Sklyar,Head of Commercial Department; Deputy Director; General Director,Ansat-Pavlodar,1990,1999,https://www.akorda.kz/ru/executive_office/executive_office_stucture/rukovoditel-administracii-prezidenta-respubliki-kazahstan,
P011,Roman Sklyar,Director,Tynys,1999,2002,https://www.akorda.kz/ru/executive_office/executive_office_stucture/rukovoditel-administracii-prezidenta-respubliki-kazahstan,
P011,Roman Sklyar,"Head of Division, Committee for Work with Insolvent Debtors",Pavlodar Regional Directorate (Ministry of Finance),2002,2003,https://www.akorda.kz/ru/executive_office/executive_office_stucture/rukovoditel-administracii-prezidenta-respubliki-kazahstan,
P011,Roman Sklyar,Deputy Head of Municipal Property Directorate,Pavlodar City Akimat,2003,2005,https://www.akorda.kz/ru/executive_office/executive_office_stucture/rukovoditel-administracii-prezidenta-respubliki-kazahstan,
P011,Roman Sklyar,Chief Inspector to the Akim,Pavlodar Region Akimat,1.2005,4.2005,https://www.akorda.kz/ru/executive_office/executive_office_stucture/rukovoditel-administracii-prezidenta-respubliki-kazahstan,
P011,Roman Sklyar,Head of Staff to the Akim,Pavlodar City Akimat,4.2005,2006,https://www.akorda.kz/ru/executive_office/executive_office_stucture/rukovoditel-administracii-prezidenta-respubliki-kazahstan,
P011,Roman Sklyar,Deputy Akim,Pavlodar City Akimat,2006,2006,https://www.akorda.kz/ru/executive_office/executive_office_stucture/rukovoditel-administracii-prezidenta-respubliki-kazahstan,
P011,Roman Sklyar,Head of Infrastructure Development Department,Astana City Akimat,2006,2007,https://www.akorda.kz/ru/executive_office/executive_office_stucture/rukovoditel-administracii-prezidenta-respubliki-kazahstan,
P011,Roman Sklyar,"Director, Department of Energy and Communal Services",Astana City Akimat,2007,2008,https://www.akorda.kz/ru/executive_office/executive_office_stucture/rukovoditel-administracii-prezidenta-respubliki-kazahstan,
P011,Roman Sklyar,Deputy Akim,Pavlodar Region Akimat,2008,2010,https://www.akorda.kz/ru/executive_office/executive_office_stucture/rukovoditel-administracii-prezidenta-respubliki-kazahstan,
P011,Roman Sklyar,First Deputy Akim,Pavlodar Region Akimat,2010,2011,https://www.akorda.kz/ru/executive_office/executive_office_stucture/rukovoditel-administracii-prezidenta-respubliki-kazahstan,
P011,Roman Sklyar,Vice Minister,Ministry of Transport and Communications,17.05.2011,10.2013,https://www.inform.kz/ru/roman-sklyar-naznachen-zamestitelem-prem-er-ministra-rk_a3566970,
P011,Roman Sklyar,Vice President,Kazakhstan Temir Zholy JSC,2014,3.2016,https://www.inform.kz/ru/roman-sklyar-naznachen-zamestitelem-prem-er-ministra-rk_a3566970,
P011,Roman Sklyar,"MP; Chair, Committee on Economic Reform and Regional Development",Mazhilis,24.03.2016,5.2016,https://www.inform.kz/ru/roman-sklyar-naznachen-zamestitelem-prem-er-ministra-rk_a3566970,
P011,Roman Sklyar,Vice Minister,Ministry of National Economy,5.2016,23.12.2016,https://www.inform.kz/ru/roman-sklyar-naznachen-zamestitelem-prem-er-ministra-rk_a3566970,
P011,Roman Sklyar,Vice Minister,Ministry for Investment and Development,23.12.2016,18.01.2018,https://www.inform.kz/ru/roman-sklyar-naznachen-zamestitelem-prem-er-ministra-rk_a3566970,
P011,Roman Sklyar,First Vice Minister,Ministry for Investment and Development,18.01.2018,25.02.2019,https://primeminister.kz/ru/news/naznachen-pervii-vitse-ministr-po-investitsiyam-i-razvitiu-rk-15913,
P011,Roman Sklyar,Minister,Ministry of Industry and Infrastructure Development,25.02.2019,18.09.2019,https://www.akorda.kz/ru/legal_acts/decrees/o-naznachenii-sklyara-rv-ministrom-industrii-i-infrastrukturnogo-razvitiya-respubliki-kazahstan,
P011,Roman Sklyar,Deputy Prime Minister,Government of Kazakhstan (Mamin I Government),18.09.2019,18.01.2021,https://www.akorda.kz/ru/legal_acts/decrees/o-naznachenii-sklyara-rv-zamestitelem-premer-ministra-respubliki-kazahstan,
P011,Roman Sklyar,Deputy Prime Minister,Government of Kazakhstan (Mamin II Government),18.01.2021,11.01.2022,https://www.akorda.kz/ru/legal_acts/decrees/o-sostave-pravitelstva-respubliki-kazahstan-5,
P011,Roman Sklyar,First Deputy Prime Minister,Government of Kazakhstan (Smailov I Government),11.01.2022,03.04.2023,https://akorda.kz/ru/o-sostave-pravitelstva-respubliki-kazahstan-110277,
P011,Roman Sklyar,First Deputy Prime Minister,Government of Kazakhstan (Smailov II Government),03.04.2023,05.02.2024,https://www.akorda.kz/ru/o-naznachenii-sklyara-rv-3314,
P011,Roman Sklyar,First Deputy Prime Minister,Government of Kazakhstan (Bektenov Government),06.02.2024,05.05.2026,https://www.akorda.kz/ru/o-naznachenii-sklyara-rv-611723,
P011,Roman Sklyar,Head of Administration of the President of Kazakhstan,Akorda,05.05.2026,Present,https://www.akorda.kz/ru/o-sklyare-rv-542657,
P012,Bauyrzhan Omarov,"Retoucher, Correspondent, Translator, Senior Correspondent, Department Head",Leninshil Zhas / Zhas Alash,1986,1994,https://inbusiness.kz/ru/appointment/dose-omarov-bauyrzhan-zhumahanuly,
P012,Bauyrzhan Omarov,Senior Lecturer,Al-Farabi Kazakh National University (KazNU),1994,1996,https://inbusiness.kz/ru/appointment/dose-omarov-bauyrzhan-zhumahanuly,
P012,Bauyrzhan Omarov,Vice Rector,Kyzylorda Humanitarian University,1996,1997,https://inbusiness.kz/ru/appointment/dose-omarov-bauyrzhan-zhumahanuly,
P012,Bauyrzhan Omarov,Deputy Akim of Kyzylorda; Deputy Chair of Administrative Council,Kyzylorda City Akimat / Kyzylorda SEZ,1997,1998,https://inbusiness.kz/ru/appointment/dose-omarov-bauyrzhan-zhumahanuly,
P012,Bauyrzhan Omarov,Associate Professor; Senior Researcher,Al-Farabi Kazakh National University (KazNU),1998,2000,https://inbusiness.kz/ru/appointment/dose-omarov-bauyrzhan-zhumahanuly,
P012,Bauyrzhan Omarov,Senior Researcher; Department Head,Institute of Literature and Art,2000,2003,https://inbusiness.kz/ru/appointment/dose-omarov-bauyrzhan-zhumahanuly,
P012,Bauyrzhan Omarov,Professor,Kainar University,2001,2002,https://inbusiness.kz/ru/appointment/dose-omarov-bauyrzhan-zhumahanuly,
P012,Bauyrzhan Omarov,Professor,Al-Farabi Kazakh National University (KazNU),2002,2003,https://inbusiness.kz/ru/appointment/dose-omarov-bauyrzhan-zhumahanuly,
P012,Bauyrzhan Omarov,"Director, Department for Language Development",Ministry of Culture and Information,12.2003,2.2005,https://kazpravda.kz/n/bauyrzhan-omarov-naznachen-sovetnikom-prezidenta-rk/,
P012,Bauyrzhan Omarov,"Professor, Department of Teleradio and Public Relations",L.N. Gumilyov Eurasian National University (ENU),2004,Present,https://www.akorda.kz/ru/executive_office/executive_office_stucture/sovetnik-prezidenta-respubliki-kazahstan-omarov-bauyrzhan-zhumahanuly,
P012,Bauyrzhan Omarov,"Chair, Committee on Languages",Ministry of Culture and Information,2.2005,3.2006,https://kazpravda.kz/n/bauyrzhan-omarov-naznachen-sovetnikom-prezidenta-rk/,
P012,Bauyrzhan Omarov,Executive Director,Liter-Media LLP,2006,2007,https://www.akorda.kz/ru/executive_office/executive_office_stucture/sovetnik-prezidenta-respubliki-kazahstan-omarov-bauyrzhan-zhumahanuly,
P012,Bauyrzhan Omarov,First Deputy Editor-in-Chief,Astana Khabary,1.2007,5.2007,https://www.inform.kz/ru/1maya-kalendar-kazinforma-dni-rozhdeniya-85b2a7,
P012,Bauyrzhan Omarov,Editor-in-Chief,Aikyn,2007,2008,https://www.akorda.kz/ru/executive_office/executive_office_stucture/sovetnik-prezidenta-respubliki-kazahstan-omarov-bauyrzhan-zhumahanuly,
P012,Bauyrzhan Omarov,General Director,Kazakh Gazetteri LLP,2008,2009,https://www.akorda.kz/ru/executive_office/executive_office_stucture/sovetnik-prezidenta-respubliki-kazahstan-omarov-bauyrzhan-zhumahanuly,
P012,Bauyrzhan Omarov,Head of Staff,Kyzylorda Region Akimat,2.2008,7.2008,https://www.inform.kz/ru/1maya-kalendar-kazinforma-dni-rozhdeniya-85b2a7,
P012,Bauyrzhan Omarov,"Chair, Committee of Information and Archives",Ministry of Culture and Information,5.2009,3.201,https://kazpravda.kz/n/bauyrzhan-omarov-naznachen-sovetnikom-prezidenta-rk/,
P012,Bauyrzhan Omarov,"Chair, Committee on Languages",Ministry of Culture and Information,4.201,7.2011,https://kazpravda.kz/n/bauyrzhan-omarov-naznachen-sovetnikom-prezidenta-rk/,
P012,Bauyrzhan Omarov,"Sector Head, Press Service",Akorda,2011,2013,https://www.akorda.kz/ru/executive_office/executive_office_stucture/sovetnik-prezidenta-respubliki-kazahstan-omarov-bauyrzhan-zhumahanuly,
P012,Bauyrzhan Omarov,Deputy Press Secretary to the President,Akorda,1.2013,4.2019,https://inbusiness.kz/ru/appointment/dose-omarov-bauyrzhan-zhumahanuly,
P012,Bauyrzhan Omarov,Advisor to the President of Kazakhstan,Akorda,08.04.2019,Present,https://www.akorda.kz/ru/legal_acts/bylaws/rasporyazheniem-glavy-gosudarstva-omarov-bauyrzhan-zhumahanuly-naznachen-sovetnikom-prezidenta-respubliki-kazahstan,
P013,Malik Otarbayev,Trainee Researcher,Al-Farabi Kazakh National University (KazNU),2001,2003,https://www.inform.kz/person/malik-nurzhanovich-otarbaev-1736772178,
P013,Malik Otarbayev,Executive Secretary; Editor-in-Chief,Dialog Eurasia-Kazakhstan,2006,2012,https://www.akorda.kz/ru/sovetnik-prezidenta-respubliki-kazahstan-otarbaev-malik-nurzhanuly-283255,
P013,Malik Otarbayev,Chief Coordinator; Board Secretary; Head of External Relations,Qalamger / Writers' Union of Kazakhstan,2012,2014,https://www.akorda.kz/ru/sovetnik-prezidenta-respubliki-kazahstan-otarbaev-malik-nurzhanuly-283255,
P013,Malik Otarbayev,Representative of the Ministry of Culture and Information to TURKSOY,TURKSOY,2014,2016,https://www.akorda.kz/ru/sovetnik-prezidenta-respubliki-kazahstan-otarbaev-malik-nurzhanuly-283255,
P013,Malik Otarbayev,Third Secretary,Embassy of Kazakhstan in Turkey (MFA),4.2016,11.2018,https://www.inform.kz/person/malik-nurzhanovich-otarbaev-1736772178,
P013,Malik Otarbayev,Deputy Akim of Turkestan Region,Turkestan Region Akimat,20.11.2018,2019,https://abai.kz/post/81039,
P013,Malik Otarbayev,Head of Scientific-Methodological Service,Qogamdyq Kelisim / Assembly of People of Kazakhstan,2019,2020,https://www.akorda.kz/ru/sovetnik-prezidenta-respubliki-kazahstan-otarbaev-malik-nurzhanuly-283255,
P013,Malik Otarbayev,Director,Qogamdyq Kelisim (Ministry of Information and Social Development),2020,2020,https://www.akorda.kz/ru/sovetnik-prezidenta-respubliki-kazahstan-otarbaev-malik-nurzhanuly-283255,
P013,Malik Otarbayev,Director,National Center for Manuscripts and Rare Books (Ministry of Culture and Information),2020,2021,https://www.akorda.kz/ru/sovetnik-prezidenta-respubliki-kazahstan-otarbaev-malik-nurzhanuly-283255,
P013,Malik Otarbayev,"Director, Ruhani Zhangyru Project Office; Advisor to Rector",Al-Farabi Kazakh National University (KazNU),2021,2022,https://www.akorda.kz/ru/sovetnik-prezidenta-respubliki-kazahstan-otarbaev-malik-nurzhanuly-283255,
P013,Malik Otarbayev,Advisor to the President of Kazakhstan,Akorda,27.04.2022,Present,https://www.akorda.kz/ru/rasporyazheniem-glavy-gosudarstva-otarbaev-malik-nurzhanuly-naznachen-sovetnikom-prezidenta-respubliki-kazahstan-2731358,
P014,Marat Ashim,"Attache, HR Department",Ministry of Foreign Affairs (MFA),2009,2010,,
P014,Marat Ashim,"Third Secretary, State Protocol Service",Ministry of Foreign Affairs (MFA),2010,2012,,
P014,Marat Ashim,Protocol Officer,Akorda,2012,2017,,
P014,Marat Ashim,Head of Protocol Sector,Akorda,2017,2018,,
P014,Marat Ashim,Deputy Chief of Protocol,Akorda,2018,2023,,
P014,Marat Ashim,Head of Presidential Protocol Service,Akorda,2023,2025,,
P014,Marat Ashim,Presidential Advisor - Head of Protocol Service,Akorda,2025,Present,,
P015,Bakhytzhan Sapiev,Lecturer,Kazakh Agricultural Institute,1988,1992,,
P015,Bakhytzhan Sapiev,"Specialist, District Administration",Almaty City Akimat,1992,1993,,
P015,Bakhytzhan Sapiev,Inspection Department Head (district level),Almaty City Akimat,1993,1998,,
P015,Bakhytzhan Sapiev,"Deputy Akim, Bostandyk District",Almaty City Akimat,1998,2008,,
P015,Bakhytzhan Sapiev,Head of Entrepreneurship and Industry Directorate,Almaty City Akimat,2008,2012,,
P015,Bakhytzhan Sapiev,"Head of Department (Chief State Inspector, Astana)",Ministry for Investment and Development,2018,2019,,
P015,Bakhytzhan Sapiev,"Deputy Chairman, Industrial Development Committee",Ministry of Industry and Infrastructure Development,2019,2020,,
P015,Bakhytzhan Sapiev,"State Inspector, Deputy Head of State Control Department",Akorda,2020,2023,,
P015,Bakhytzhan Sapiev,Head of State Control Department,Akorda,2023,2025,,
P015,Bakhytzhan Sapiev,Advisor to the President,Akorda,2025,Present,,
P016,Yernar Lazar,"Specialist, Consular Service Department",Ministry of Foreign Affairs (MFA),2006,2007,,
P016,Yernar Lazar,"Attache, Third Secretary",Embassy of Kazakhstan in Japan (MFA),2007,2010,,
P016,Yernar Lazar,"Second Secretary, Asia and Africa Department",Ministry of Foreign Affairs (MFA),2011,2013,,
P016,Yernar Lazar,"Second, First Secretary",Embassy of Kazakhstan in the Netherlands (MFA),2013,2017,,
P016,Yernar Lazar,"Advisor, Europe Department",Ministry of Foreign Affairs (MFA),2017,2018,,
P016,Yernar Lazar,"Consultant then Deputy Head, Foreign Policy Department",Akorda,2018,2023,,
P016,Yernar Lazar,Head of Foreign Policy Department,Akorda,2023,2025,,
P016,Yernar Lazar,Advisor to the President for International Affairs,Akorda,2025,Present,,
P017,Aleksey Tsoi,"Surgeon-Endoscopist, Senior/Leading Researcher",National Scientific Medical Center,2001,2007,,
P017,Aleksey Tsoi,"Director, Center for Modern Medical Technologies",Presidential Property Management Department (UDP),2007,2010,,
P017,Aleksey Tsoi,Head of Medical Center,Presidential Property Management Department (UDP),2010,2011,,
P017,Aleksey Tsoi,"Chief Physician, City Hospital No. 1",Astana City Akimat,2011,2014,,
P017,Aleksey Tsoi,Vice-Minister,Ministry of Healthcare and Social Development,2014,2017,,
P017,Aleksey Tsoi,Vice-Minister of Healthcare,Ministry of Healthcare,2017,2019,,
P017,Aleksey Tsoi,Head of Medical Center,Presidential Property Management Department (UDP),2019,2020,,
P017,Aleksey Tsoi,First Vice-Minister of Healthcare,Ministry of Healthcare,2020,2020,,
P017,Aleksey Tsoi,Minister of Healthcare,Ministry of Healthcare,2020,2021,,
P017,Aleksey Tsoi,Non-staff Advisor to the President,Akorda,2022,2022,,
P017,Aleksey Tsoi,Head of Medical Center,Presidential Property Management Department (UDP),2022,2025,,
P017,Aleksey Tsoi,Advisor to the President for Social Affairs,Akorda,2025,Present,,
P018,Aibek Smadiyarov,"Specialist, Administrative Department",Bank of China in Kazakhstan,2005,2006,,
P018,Aibek Smadiyarov,"Specialist, Consular Service Department",Ministry of Foreign Affairs (MFA),2006,2008,,
P018,Aibek Smadiyarov,"Attache, Third Secretary, Europe Department",Ministry of Foreign Affairs (MFA),2008,2010,,
P018,Aibek Smadiyarov,Third Secretary,Embassy of Kazakhstan in Hungary (MFA),2010,2012,,
P018,Aibek Smadiyarov,"Expert, Presidential Press Service",Akorda,2012,2013,,
P018,Aibek Smadiyarov,"First Secretary, Foreign Policy Analysis Committee",Ministry of Foreign Affairs (MFA),2013,2014,,
P018,Aibek Smadiyarov,"Second, First Secretary",Embassy of Kazakhstan in Vietnam (MFA),2014,2018,,
P018,Aibek Smadiyarov,Head of Press Service - Official Spokesperson,Ministry of Foreign Affairs (MFA),2018,2019,,
P018,Aibek Smadiyarov,"Deputy Chairman, Committee of International Information - Official Spokesperson",Ministry of Foreign Affairs (MFA),2019,2023,,
P018,Aibek Smadiyarov,"Director, Communications Department - Official Spokesperson",Ministry of Foreign Affairs (MFA),2023,2025,,
P018,Aibek Smadiyarov,"Chairman, Committee of International Information - Official Spokesperson",Ministry of Foreign Affairs (MFA),2025,2025,,
P018,Aibek Smadiyarov,Head of Internal Policy Department,Akorda,2025,2026,,
P018,Aibek Smadiyarov,Advisor to the President - Press Secretary,Akorda,2026,Present,,
P019,Ruslan Zhaksylykov,Officer (platoon to formation commander),Armed Forces,1987,2006,,
P019,Ruslan Zhaksylykov,"Deputy Commander, Internal Troops",Ministry of Internal Affairs,2006,2007,,
P019,Ruslan Zhaksylykov,"First Deputy Commander - Chief of Main Staff, Internal Troops",Ministry of Internal Affairs,2007,2008,,
P019,Ruslan Zhaksylykov,"Commander, Internal Troops",Ministry of Internal Affairs,2008,2013,,
P019,Ruslan Zhaksylykov,"Commander-in-Chief, Internal Troops",Ministry of Internal Affairs,2013,2014,,
P019,Ruslan Zhaksylykov,Commander-in-Chief,National Guard,2014,2021,,
P019,Ruslan Zhaksylykov,Deputy Minister - Commander-in-Chief of National Guard,Ministry of Internal Affairs,2021,2022,,
P019,Ruslan Zhaksylykov,Minister of Defense,Ministry of Defense,2022,2025,,
P019,Ruslan Zhaksylykov,First Deputy Secretary of the Security Council,Security Council (Akorda),2025,Present,,
P020,Murat Baimukashev,"Law Enforcement Service (internal affairs, prosecution)",Prosecutor General's Office,1994,2009,,
P020,Murat Baimukashev,"Deputy Head, then Head, Defense and Law Enforcement Department",Government of Kazakhstan (Massimov I Government),2009,2011,,"Year-only source data; government assignment/split based on researched cabinet transition dates, not an exact-date source. Split across Massimov I/II, Akhmetov (Serik), Massimov III, Sagintayev governments."
P020,Murat Baimukashev,"Deputy Head, then Head, Defense and Law Enforcement Department",Government of Kazakhstan (Massimov II Government),2011,2012,,"Year-only source data; government assignment/split based on researched cabinet transition dates, not an exact-date source. Split across Massimov I/II, Akhmetov (Serik), Massimov III, Sagintayev governments."
P020,Murat Baimukashev,"Deputy Head, then Head, Defense and Law Enforcement Department",Government of Kazakhstan (Akhmetov (Serik) Government),2012,2014,,"Year-only source data; government assignment/split based on researched cabinet transition dates, not an exact-date source. Split across Massimov I/II, Akhmetov (Serik), Massimov III, Sagintayev governments."
P020,Murat Baimukashev,"Deputy Head, then Head, Defense and Law Enforcement Department",Government of Kazakhstan (Massimov III Government),2014,2016,,"Year-only source data; government assignment/split based on researched cabinet transition dates, not an exact-date source. Split across Massimov I/II, Akhmetov (Serik), Massimov III, Sagintayev governments."
P020,Murat Baimukashev,"Deputy Head, then Head, Defense and Law Enforcement Department",Government of Kazakhstan (Sagintayev Government),2016,2019,,"Year-only source data; government assignment/split based on researched cabinet transition dates, not an exact-date source. Split across Massimov I/II, Akhmetov (Serik), Massimov III, Sagintayev governments."
P020,Murat Baimukashev,Deputy Secretary of the Security Council,Security Council (Akorda),2019,2020,,
P020,Murat Baimukashev,"Chairman, Administrative Police Committee",Ministry of Internal Affairs,2020,2021,,
P020,Murat Baimukashev,Deputy Minister,Ministry of Internal Affairs,2021,2022,,
P020,Murat Baimukashev,First Deputy Secretary of the Security Council,Security Council (Akorda),2022,2023,,
P020,Murat Baimukashev,Deputy Secretary of the Security Council,Security Council (Akorda),2023,Present,,
P021,Nurzhan Kadzhiakbarov,"Referent, Attache, Economic Policy Department",Ministry of Foreign Affairs (MFA),2000,2002,,
P021,Nurzhan Kadzhiakbarov,"Third, Second Secretary, CIS Affairs Committee",Ministry of Foreign Affairs (MFA),2002,2004,,
P021,Nurzhan Kadzhiakbarov,"Expert, External Relations Division",Government of Kazakhstan (Akhmetov (Daniyal) Government),2004,2006,,"Year-only source data; government assignment/split based on researched cabinet transition dates, not an exact-date source."
P021,Nurzhan Kadzhiakbarov,"Senior Expert then Deputy Head, Foreign Policy Center",Akorda,2006,2016,,
P021,Nurzhan Kadzhiakbarov,"Director, CIS Department",Ministry of Foreign Affairs (MFA),2016,2017,,
P021,Nurzhan Kadzhiakbarov,Advisor-Envoy,Embassy of Kazakhstan in Russia (MFA),2017,2022,,
P021,Nurzhan Kadzhiakbarov,Deputy Secretary of the Security Council,Security Council (Akorda),2022,Present,,
P022,Yerzhan Seitkulov,"Senior Lecturer, Docent, Deputy Dean (IT Faculty)",L.N. Gumilyov Eurasian National University (ENU),2007,2011,,
P022,Yerzhan Seitkulov,"Director, Research Institute of Information Security and Cryptology",L.N. Gumilyov Eurasian National University (ENU),2012,2022,,
P022,Yerzhan Seitkulov,"Director, Engineering-Technical Center",Presidential Property Management Department (UDP),2022,2023,,
P022,Yerzhan Seitkulov,Head of Informatization and Information Resources Protection Department,Akorda,2023,2024,,
P022,Yerzhan Seitkulov,Head of Information Resources Protection Department,Akorda,2024,Present,,
P023,Kuat Sandalov,"Chief Expert, IT Architect",National Information Technologies JSC,2009,2010,,
P023,Kuat Sandalov,"IS Manager, Application Architect",Eurasian Natural Resources Corporation (ENRC),2010,2014,,
P023,Kuat Sandalov,IT Executive incl. Chief Digital Officer (CDO),Kazakhtelecom JSC,2016,2024,,
P023,Kuat Sandalov,Head of Digitalization Development Department,Akorda,2024,Present,,
P024,Rakymzhan Yernazar,Analyst (various roles),National Agency for Technological Development,2011,2016,,
P024,Rakymzhan Yernazar,"Director, Strategic Projects Center",Kazakhstan Industry Development Institute,2016,2018,,
P024,Rakymzhan Yernazar,Head of Strategic Research and Forecasting Program,Institute of World Economics and Politics (First President's Foundation),2018,2020,,
P024,Rakymzhan Yernazar,"Deputy Head, Strategic Planning Department",Akorda,2020,2023,,
P024,Rakymzhan Yernazar,Head of Strategic Planning Department,Akorda,2023,2025,,
P024,Rakymzhan Yernazar,Head of Social and Economic Policy Department,Akorda,2025,Present,,
P025,Azamat Keskinbayev,Managing Director for Finance - Board Member,Kazpost JSC,2025,2025,,
P025,Azamat Keskinbayev,Head of Transport and Logistics Industry Development Department,Akorda,2025,Present,,
P026,Yerbol Adayev,"Leading Specialist, Youth Policy",Kostanay Region Akimat,1999,2001,,
P026,Yerbol Adayev,"Advisor to Akim, Head of Internal Policy Division (various roles)",Kostanay Region Akimat,2001,2006,,
P026,Yerbol Adayev,"Chief Specialist, Information and Archives Committee",Ministry of Culture and Information,2006,2007,,
P026,Yerbol Adayev,"Chief Consultant/Expert, Press Service",Senate,2007,2010,,
P026,Yerbol Adayev,Assistant to Chief of Staff; Chief Expert/Consultant,Senate,2010,2013,,
P026,Yerbol Adayev,"Chief Consultant, Organizational-Control and Personnel Work Department",Senate,2013,2017,,
P026,Yerbol Adayev,"Deputy Head, Organizational-Control and Personnel Work Department",Senate,2017,2022,,
P026,Yerbol Adayev,Head of Organizational-Control and Personnel Work Department,Presidential Property Management Department (UDP),2022,2025,,
P026,Yerbol Adayev,Head of General Department,Akorda,2025,Present,,
P027,Yelnur Beisenbayev,Chairman,Zhastar Uni Youth Organization,2010,2012,,
P027,Yelnur Beisenbayev,"Secretary, Almaty City Branch",Communist People's Party,2012,2015,,
P027,Yelnur Beisenbayev,Head of Youth Projects Division,Almaty City Akimat,2015,2016,,
P027,Yelnur Beisenbayev,Head of Youth Policy Directorate,Almaty City Akimat,2016,2017,,
P027,Yelnur Beisenbayev,"Director, Educational Work Department",Abai Kazakh National Pedagogical University (KazNPU),2017,2018,,
P027,Yelnur Beisenbayev,Advisor to the Akim,Astana City Akimat,2019,2020,,
P027,Yelnur Beisenbayev,"Chairman, Jas Otan Youth Wing",Nur Otan Party,2020,2021,,
P027,Yelnur Beisenbayev,Deputy,Mazhilis,2021,2023,,
P027,Yelnur Beisenbayev,Head of AMANAT Faction,Mazhilis,2023,2026,,
P027,Yelnur Beisenbayev,Head of Domestic Policy Department,Akorda,2026,Present,,
P028,Kanat Kulshmanov,Journalist,Kazinform / Kazcontent (state media),2007,2016,,
P028,Kanat Kulshmanov,"Acting Head, Media Monitoring Directorate",Ministry of National Economy,2016,2017,,
P028,Kanat Kulshmanov,Press Secretary of the Akim,Aktobe Region Akimat,2017,2019,,
P028,Kanat Kulshmanov,"Press Secretary, PR Department Director",Ministry of Labor and Social Protection,2019,2020,,
P028,Kanat Kulshmanov,Deputy Chief of Staff of the Akim,Zhambyl Region Akimat,2020,2021,,
P028,Kanat Kulshmanov,Head of Press Service,KazMunayGas JSC,2021,2022,,
P028,Kanat Kulshmanov,Press Secretary of the Prime Minister,Government of Kazakhstan (Smailov I Government),2022,2023,,"Year-only source data; government assignment/split based on researched cabinet transition dates, not an exact-date source. Split across Smailov I/II governments."
P028,Kanat Kulshmanov,Press Secretary of the Prime Minister,Government of Kazakhstan (Smailov II Government),2023,2024,,"Year-only source data; government assignment/split based on researched cabinet transition dates, not an exact-date source. Split across Smailov I/II governments."
P028,Kanat Kulshmanov,"Deputy Head, Communications Department",Akorda,2024,2025,,
P028,Kanat Kulshmanov,Head of Communications Department,Akorda,2025,Present,,
P029,Dauren Yergarin,"Operational and leadership roles, Economic and Corruption Crime Departments",Financial Police,2004,2012,,
P029,Dauren Yergarin,"Senior Officer, Head of Operational Directorate (Astana)",National Anti-Corruption Bureau,2015,2018,,
P029,Dauren Yergarin,"Deputy Head, then Head, Operational Department",National Anti-Corruption Bureau,2018,2019,,
P029,Dauren Yergarin,Head of Third Department,Anti-Corruption Agency,2019,2020,,
P029,Dauren Yergarin,"Deputy Head, Almaty/Kyzylorda Department",Anti-Corruption Agency,2020,2021,,
P029,Dauren Yergarin,Head of Detection and Suppression Service,Anti-Corruption Agency,2021,2022,,
P029,Dauren Yergarin,Head of Aktobe Department,Anti-Corruption Agency,2022,2022,,
P029,Dauren Yergarin,Head of Shymkent Department,Anti-Corruption Agency,2022,2024,,
P029,Dauren Yergarin,"Deputy Head, Law Enforcement Department",Akorda,2024,2025,,
P029,Dauren Yergarin,Head of Law Enforcement Department,Akorda,2025,Present,,
P030,Aidar Zharylganov,Officer,Ministry of State Revenues / Tax Committee (Ministry of Finance),2001,2007,,
P030,Aidar Zharylganov,"Expert, Consultant, Inspector, Head of Sector, State and Legal Department",Akorda,2007,2019,,
P030,Aidar Zharylganov,Head of State and Legal Department,Akorda,2023,Present,,
P031,Alikhan Zhamsatov,Chief Specialist (finance/legal),Pavlodar Region / Aksu City Akimats,2005,2007,,
P031,Alikhan Zhamsatov,Head of Entrepreneurship Development Division,Pavlodar Region Akimat,2007,2008,,
P031,Alikhan Zhamsatov,Head of Production Infrastructure Directorate,Parliament Apparat,2009,2012,,
P031,Alikhan Zhamsatov,"Deputy Head, Civil Service Division",Civil Service Agency,2012,2013,,
P031,Alikhan Zhamsatov,"Deputy Head, Administrative Work Department",Civil Service and Anti-Corruption Agency,2014,2015,,
P031,Alikhan Zhamsatov,"Deputy Head, Economic Directorate",Parliament Apparat,2015,2016,,
P031,Alikhan Zhamsatov,Head of Official Events and External Relations Department,Presidential Property Management Department (UDP),2019,2022,,
P031,Alikhan Zhamsatov,Head of Logistics Directorate,Presidential Property Management Department (UDP),2022,2024,,
P031,Alikhan Zhamsatov,"Deputy Head, State Control Department",Akorda,2024,2025,,
P031,Alikhan Zhamsatov,Head of State Control Department,Akorda,2025,Present,,
P032,Ruslan Turganaly,"Expert, Chief Expert",Ministry of Justice,2009,2011,,
P032,Ruslan Turganaly,"Expert, Consultant, Inspector, State and Legal Department",Akorda,2011,2016,,
P032,Ruslan Turganaly,"Inspector, Head of Sector, Civil Service and Personnel Policy Department",Akorda,2016,2018,,
P032,Ruslan Turganaly,Head of Human Resources Department,Ministry of National Economy,2018,2019,,
P032,Ruslan Turganaly,"Head of Sector, Civil Service and Personnel Policy Department",Akorda,2019,2021,,
P032,Ruslan Turganaly,"Deputy Head, Civil Service and Personnel Policy Department",Akorda,2021,2022,,
P032,Ruslan Turganaly,Head of Civil Service and Personnel Policy Department,Akorda,2022,2023,,
P032,Ruslan Turganaly,Head of Civil Service Department,Akorda,2023,Present,,
P033,Zhandos Imanaliyev,"Specialist, Consular Service Department",Ministry of Foreign Affairs (MFA),2013,2014,,
P033,Zhandos Imanaliyev,"Attache, Third, Second Secretary, Multilateral Cooperation Department",Ministry of Foreign Affairs (MFA),2014,2017,,
P033,Zhandos Imanaliyev,"Third, Second, First Secretary",Embassy of Kazakhstan in the United States (MFA),2017,2021,,
P033,Zhandos Imanaliyev,"Expert, Consultant (Special Representative for International Cooperation support)",Akorda,2021,2022,,
P033,Zhandos Imanaliyev,"Head of Sector, Foreign Policy and International Relations Department",Akorda,2022,2023,,
P033,Zhandos Imanaliyev,"Deputy Head, Foreign Policy Department",Akorda,2023,2025,,
P033,Zhandos Imanaliyev,Head of Foreign Policy Department,Akorda,2025,Present,,
P034,Arman Abdrassilov,Head of the Situation Center of the Security Council,Akorda,2025,Present,,
P034,Arman Abdrassilov,Deputy Head of the Department of Current Security Issues of the Security Council,Akorda,2024,2025,,
P035,Marat Aimashev,Head of the Department of Military Security and Defense of the Security Council,Akorda,2024,Present,,
P035,Marat Aimashev,Deputy Chief of the General Staff – Head of the Operational Planning Department,Ministry of Defense,2022,2024,,
P035,Marat Aimashev,Deputy Chief of the General Staff – Head of the Strategic Planning Department,Ministry of Defense,2021,2022,,
P036,Rassul Urazgulov,Head of the Department of Current Security Issues of the Security Council,Akorda,2023,Present,,
P036,Rassul Urazgulov,Head of the Department of General Security Issues of the Security Council,Akorda,2021,2023,,
P036,Rassul Urazgulov,Deputy Head of the Department of State Control and Organizational-Territorial Work,Akorda,2019,2021,,
P036,Rassul Urazgulov,Head of the Strategy and Budget Planning Department,Astana Akimat,2018,2019,,
P036,Rassul Urazgulov,Head of the Apparatus,Pavlodar Akimat,2014,2018,,
P036,Rassul Urazgulov,Deputy Head of the Central Apparatus,Nur Otan Party,2010,2014,,
P036,Rassul Urazgulov,First Deputy Akim,Karaganda Region Akimat,2009,2010,,
P036,Rassul Urazgulov,Head of the Economy and Budget Planning Department,Karaganda Region Akimat,2006,2009,,
P037,Aleksandr Sukhanov,Head of the Analytical Department of the Security Council,Akorda,2018,Present,,
P037,Aleksandr Sukhanov,Deputy Head of the Internal Policy Department,Akorda,2012,2018,,
P037,Aleksandr Sukhanov,Managerial roles,KazMunayGas,2004,2012,,
P038,Daniyar Kussainov,"Various roles, Industrial-Innovative Development Department","Chancellary, Government of Kazakhstan",2006,2023,,
P038,Daniyar Kussainov,"Various roles, Industrial-Innovative Development Department (Chancellery)",Government of Kazakhstan (Akhmetov (Daniyal) Government),2006,2007,,
P038,Daniyar Kussainov,"Various roles, Industrial-Innovative Development Department (Chancellery)",Government of Kazakhstan (Massimov I Government),2007,2011,,
P038,Daniyar Kussainov,"Various roles, Industrial-Innovative Development Department (Chancellery)",Government of Kazakhstan (Massimov II Government),2011,2012,,
P038,Daniyar Kussainov,"Various roles, Industrial-Innovative Development Department (Chancellery)",Government of Kazakhstan (Akhmetov (Serik) Government),2012,2014,,
P038,Daniyar Kussainov,"Various roles, Industrial-Innovative Development Department (Chancellery)",Government of Kazakhstan (Massimov III Government),2014,2016,,
P038,Daniyar Kussainov,"Various roles, Industrial-Innovative Development Department (Chancellery)",Government of Kazakhstan (Sagintayev Government),2016,2019,,
P038,Daniyar Kussainov,"Various roles, Industrial-Innovative Development Department (Chancellery)",Government of Kazakhstan (Mamin I Government),2019,2021,,
P038,Daniyar Kussainov,"Various roles, Industrial-Innovative Development Department (Chancellery)",Government of Kazakhstan (Mamin II Government),2021,2022,,
P038,Daniyar Kussainov,"Various roles, Industrial-Innovative Development Department (Chancellery)",Government of Kazakhstan (Smailov I Government),2022,2023,,
P038,Daniyar Kussainov,"Deputy Head, Industrial/Infrastructure and Real-Sector Departments",Government of Kazakhstan (Smailov II Government),2023,2024,,
P038,Daniyar Kussainov,Head of the Industrial and Infrastructure Development Department,Government of Kazakhstan (Bektenov Government),2024,2026,,
P039,Zhenis Kassymbek,Head of Division,Committee on Antimonopoly Policy,1998,2000,https://www.gov.kz/memleket/entities/astana/about/structure/people/307,
P039,Zhenis Kassymbek,"Director, Water Transport Department",Ministry of Transport and Communications,2000,2004,https://www.gov.kz/memleket/entities/astana/about/structure/people/307,
P039,Zhenis Kassymbek,Director,Aktau International Sea Trade Port,2004,2005,https://www.gov.kz/memleket/entities/astana/about/structure/people/307,
P039,Zhenis Kassymbek,Vice Minister,Ministry of Transport and Communications,2005,2009,https://www.gov.kz/memleket/entities/astana/about/structure/people/307,
P039,Zhenis Kassymbek,Responsible Secretary,Ministry of Transport and Communications,2009,2014,https://www.gov.kz/memleket/entities/astana/about/structure/people/307,
P039,Zhenis Kassymbek,Minister of Transport and Communications,Ministry of Transport and Communications,2014,2014,https://www.gov.kz/memleket/entities/astana/about/structure/people/307,
P039,Zhenis Kassymbek,First Vice Minister,Ministry for Investment and Development,2014,2016,https://www.gov.kz/memleket/entities/astana/about/structure/people/307,
P039,Zhenis Kassymbek,Minister,Ministry for Investment and Development,2016,2018,https://www.gov.kz/memleket/entities/astana/about/structure/people/307,
P039,Zhenis Kassymbek,Minister,Ministry of Industry and Infrastructure Development,2018,2019,https://www.gov.kz/memleket/entities/astana/about/structure/people/307,Ministry renamed from Investment and Development in Dec 2018; succeeded by Roman Sklyar (P011) in Feb 2019.
P039,Zhenis Kassymbek,Deputy Prime Minister,Government of Kazakhstan (Mamin I Government),2019,2019,https://www.gov.kz/memleket/entities/astana/about/structure/people/307,Feb-Sep 2019.
P039,Zhenis Kassymbek,Akim of Karaganda Region,Karaganda Region Akimat,2019,2022,https://www.gov.kz/memleket/entities/astana/about/structure/people/307,
P039,Zhenis Kassymbek,Akim of Astana,Astana City Akimat,2022,Present,https://www.gov.kz/memleket/entities/astana/about/structure/people/307,
P040,Darkhan Satybaldy,"Accountant, Economist",Private commercial organizations,1996,2000,https://www.gov.kz/memleket/entities/almaty/about/structure/people/51061,
P040,Darkhan Satybaldy,"Leading, then Chief Controller-Auditor, Budget Execution Oversight Directorate",Ministry of Finance,2000,2002,https://www.gov.kz/memleket/entities/almaty/about/structure/people/51061,
P040,Darkhan Satybaldy,"Referent, Consultant, Chief Expert, Head of Sector",Presidential Property Management Department (UDP),2002,2006,https://www.gov.kz/memleket/entities/almaty/about/structure/people/51061,
P040,Darkhan Satybaldy,"Director, Zhylu Municipal Enterprise",Astana City Akimat,2006,2007,https://www.gov.kz/memleket/entities/almaty/about/structure/people/51061,
P040,Darkhan Satybaldy,"Deputy Director, Budget and Finance Departments; Deputy Chairman, Science Committee",Ministry of Education and Science,2007,2010,https://www.gov.kz/memleket/entities/almaty/about/structure/people/51061,
P040,Darkhan Satybaldy,Head of Department,National Security Committee (KNB),2010,2011,https://www.gov.kz/memleket/entities/almaty/about/structure/people/51061,
P040,Darkhan Satybaldy,"Deputy Head, Socio-Economic Department (Chancellery of the Prime Minister)",Government of Kazakhstan (Massimov II Government),2011,2012,https://www.gov.kz/memleket/entities/almaty/about/structure/people/51061,"Year-only source data; government assignment/split based on researched cabinet transition dates, not an exact-date source."
P040,Darkhan Satybaldy,"Deputy Head, Socio-Economic Department (Chancellery of the Prime Minister)",Government of Kazakhstan (Akhmetov (Serik) Government),2012,2013,https://www.gov.kz/memleket/entities/almaty/about/structure/people/51061,"Year-only source data; government assignment/split based on researched cabinet transition dates, not an exact-date source."
P040,Darkhan Satybaldy,Akim of Shymkent,Shymkent City Akimat,2013,2015,https://www.gov.kz/memleket/entities/almaty/about/structure/people/51061,
P040,Darkhan Satybaldy,First Deputy Akim,South Kazakhstan Region Akimat,2015,2017,https://www.gov.kz/memleket/entities/almaty/about/structure/people/51061,Region renamed Turkestan Region in 2018; kept as historical name.
P040,Darkhan Satybaldy,Senator,Senate,2018,2019,https://www.gov.kz/memleket/entities/almaty/about/structure/people/51061,
P040,Darkhan Satybaldy,Ambassador to Uzbekistan,Embassy of Kazakhstan in Uzbekistan (MFA),2019,2022,https://www.gov.kz/memleket/entities/almaty/about/structure/people/51061,
P040,Darkhan Satybaldy,Akim of Turkestan Region,Turkestan Region Akimat,2022,2025,https://www.gov.kz/memleket/entities/almaty/about/structure/people/51061,
P040,Darkhan Satybaldy,First Deputy Head of the Administration of the President,Akorda,2025,2025,https://www.gov.kz/memleket/entities/almaty/about/structure/people/51061,Jan-May 2025.
P040,Darkhan Satybaldy,Akim of Almaty City,Almaty City Akimat,2025,Present,https://www.gov.kz/memleket/entities/almaty/about/structure/people/51061,
P041,Gabit Syzdykbekov,"Attache; Third Secretary, State Protocol Service; Third Secretary, Europe and Africa Department; Third, Second Secretary, Ministry Chancellery",Ministry of Foreign Affairs (MFA),2004,2007,https://www.gov.kz/memleket/entities/shymkent/about/structure/people/37043,
P041,Gabit Syzdykbekov,"Chief Expert, Secretariat of the Senate Chairman; Chief Consultant; Head of Sector; Deputy Head, then Head, Department for Liaison with the Committee on International Relations, Defense and Security",Senate,2007,2011,https://www.gov.kz/memleket/entities/shymkent/about/structure/people/37043,Senate apparatus during Tokayev's chairmanship.
P041,Gabit Syzdykbekov,"Head, South Asia and Middle East Division",Asia and Africa Department (MFA),2011,2012,https://www.gov.kz/memleket/entities/shymkent/about/structure/people/37043,
P041,Gabit Syzdykbekov,Counsellor,Embassy of Kazakhstan in France (MFA),2012,2017,https://www.gov.kz/memleket/entities/shymkent/about/structure/people/37043,Source gives combined 2012-2017 period for embassy and MFA HQ roles without a split.
P041,Gabit Syzdykbekov,"Counsellor, Administration and Control Department",Ministry of Foreign Affairs (MFA),2012,2017,https://www.gov.kz/memleket/entities/shymkent/about/structure/people/37043,Source gives combined 2012-2017 period for embassy and MFA HQ roles without a split.
P041,Gabit Syzdykbekov,"Advisor to the Chairman of the Senate; Head, Department for Liaison with the Committee on International Relations, Defense and Security",Senate,2017,2019,https://www.gov.kz/memleket/entities/shymkent/about/structure/people/37043,
P041,Gabit Syzdykbekov,Ambassador-at-Large,Ministry of Foreign Affairs (MFA),2019,2019,https://www.gov.kz/memleket/entities/shymkent/about/structure/people/37043,May-Sep 2019.
P041,Gabit Syzdykbekov,Ambassador to Serbia,Embassy of Kazakhstan in Serbia (MFA),2019,2021,https://www.gov.kz/memleket/entities/shymkent/about/structure/people/37043,
P041,Gabit Syzdykbekov,First Deputy Head of the Chancellery of the Prime Minister,Government of Kazakhstan (Mamin II Government),2021,2022,https://www.gov.kz/memleket/entities/shymkent/about/structure/people/37043,Split across Mamin II/Smailov I; Chancellery renamed Government Apparatus in Feb 2023.
P041,Gabit Syzdykbekov,First Deputy Head of the Chancellery of the Prime Minister,Government of Kazakhstan (Smailov I Government),2022,2023,https://www.gov.kz/memleket/entities/shymkent/about/structure/people/37043,Split across Mamin II/Smailov I; Chancellery renamed Government Apparatus in Feb 2023.
P041,Gabit Syzdykbekov,First Deputy Head of the Government Apparatus,Government of Kazakhstan (Smailov II Government),2023,2023,https://www.gov.kz/memleket/entities/shymkent/about/structure/people/37043,Feb-Sep 2023 spans Smailov I/II; assigned to Smailov II (Apr 2023 onward).
P041,Gabit Syzdykbekov,Akim of Shymkent,Shymkent City Akimat,2023,Present,https://www.gov.kz/memleket/entities/shymkent/about/structure/people/37043,
P042,Berik Uali,"Editor-in-Chief, Informbyuro news program",31 Kanal TV Channel,2000,2007,https://www.gov.kz/memleket/entities/abay/about/structure/people/26682,
P042,Berik Uali,"Head, Anti-Corruption Media Center (Nur-Media LLP)",Nur Otan Party,2009,2012,https://www.gov.kz/memleket/entities/abay/about/structure/people/26682,
P042,Berik Uali,"Head of Press Service - Deputy Head of the Akim's Apparatus; Head, Internal Policy and Religious Affairs Directorate",South Kazakhstan Region Akimat,2012,2015,https://www.gov.kz/memleket/entities/abay/about/structure/people/26682,
P042,Berik Uali,Advisor to the First Deputy Chairman,Nur Otan Party,2015,2016,https://www.gov.kz/memleket/entities/abay/about/structure/people/26682,
P042,Berik Uali,"Advisor to the Minister; Director, Information Support Department",Ministry for Investment and Development,2016,2018,https://www.gov.kz/memleket/entities/abay/about/structure/people/26682,Advisor to Minister Kassymbek (P039).
P042,Berik Uali,"Head, Internal Policy Directorate",Zhambyl Region Akimat,2018,2019,https://www.gov.kz/memleket/entities/abay/about/structure/people/26682,
P042,Berik Uali,Press Secretary of the President,Akorda,2019,2022,https://www.gov.kz/memleket/entities/abay/about/structure/people/26682,
P042,Berik Uali,Chairman of the Board,Khabar Agency JSC,2022,2023,https://www.gov.kz/memleket/entities/abay/about/structure/people/26682,
P042,Berik Uali,Advisor to the President - Press Secretary,Akorda,2023,2025,https://www.gov.kz/memleket/entities/abay/about/structure/people/26682,
P042,Berik Uali,Akim of Abai Region,Abai Region Akimat,2025,Present,https://www.gov.kz/memleket/entities/abay/about/structure/people/26682,
P043,Yermek Marzhikpayev,Akim of Arshaly District,Akmola Region Akimat,2008,2012,"https://ru.wikipedia.org/wiki/Маржикпаев,_Ермек_Боранбаевич",
P043,Yermek Marzhikpayev,Akim of Zerendi District,Akmola Region Akimat,2012,2013,"https://ru.wikipedia.org/wiki/Маржикпаев,_Ермек_Боранбаевич",
P043,Yermek Marzhikpayev,Deputy Akim of Akmola Region,Akmola Region Akimat,2013,2014,"https://ru.wikipedia.org/wiki/Маржикпаев,_Ермек_Боранбаевич",
P043,Yermек Marzhikpayev,State Inspector,Akorda,2014,2015,"https://ru.wikipedia.org/wiki/Маржикпаев,_Ермек_Боранбаевич",
P043,Yermek Marzhikpayev,Akim of Kokshetau,Kokshetau City Akimat,2015,2019,"https://ru.wikipedia.org/wiki/Маржикпаев,_Ермек_Боранбаевич",
P043,Yermek Marzhikpayev,Akim of Akmola Region,Akmola Region Akimat,2019,2023,"https://ru.wikipedia.org/wiki/Маржикпаев,_Ермек_Боранбаевич",
P043,Yermek Marzhikpayev,Minister of Tourism and Sports,Ministry of Tourism and Sports,2023,2024,"https://ru.wikipedia.org/wiki/Маржикпаев,_Ермек_Боранбаевич",
P043,Yermek Marzhikpayev,Advisor to the Prime Minister,Government of Kazakhstan (Bektenov Government),2024,2025,"https://ru.wikipedia.org/wiki/Маржикпаев,_Ермек_Боранбаевич",
P043,Yermek Marzhikpayev,Akim of Akmola Region,Akmola Region Akimat,2025,Present,https://kapital.kz/dossier/marzhikpaev-ermek,VERIFY: exact reappointment date not found in indexed sources; in office per gov.kz/egov/kapital as of Jul 2026.
P045,Marat Sultangaziyev,"Head of Audit Divisions, then Deputy Head, Almaty City Tax Department",Ministry of Finance,2001,2010,https://www.gov.kz/memleket/entities/almobl/about/structure/people/309,
P045,Marat Sultangaziyev,"Director, Department of Tax and Customs Legislation Coordination",Ministry of Finance,2010,2012,https://www.gov.kz/memleket/entities/almobl/about/structure/people/309,
P045,Marat Sultangaziyev,"Head of Sector, Socio-Economic Monitoring Department",Akorda,2012,2014,https://www.gov.kz/memleket/entities/almobl/about/structure/people/309,
P045,Marat Sultangaziyev,"Head, Almaty City State Revenues Department",Ministry of Finance,2014,2018,https://www.gov.kz/memleket/entities/almobl/about/structure/people/309,
P045,Marat Sultangaziyev,"Chairman, State Revenues Committee",Ministry of Finance,2018,2021,https://www.gov.kz/memleket/entities/almobl/about/structure/people/309,
P045,Marat Sultangaziyev,Vice Minister of Finance,Ministry of Finance,2021,2022,https://www.gov.kz/memleket/entities/almobl/about/structure/people/309,
P045,Marat Sultangaziyev,First Vice Minister of Finance,Ministry of Finance,2022,2022,https://www.gov.kz/memleket/entities/almobl/about/structure/people/309,
P045,Marat Sultangaziyev,Akim of Almaty Region,Almaty Region Akimat,2022,Present,https://www.gov.kz/memleket/entities/almobl/about/structure/people/309,
P046,Serik Shapkenov,"Head, Economy and Budget Planning Directorate",West Kazakhstan Region Akimat,2009,2012,https://www.gov.kz/memleket/entities/atyrau/about/structure/people/13052,
P046,Serik Shapkenov,"Deputy Akim, then First Deputy Akim",West Kazakhstan Region Akimat,2012,2014,https://www.gov.kz/memleket/entities/atyrau/about/structure/people/13052,
P046,Serik Shapkenov,"State Inspector, State Control and Organizational-Territorial Work Department",Akorda,2015,2016,https://www.gov.kz/memleket/entities/atyrau/about/structure/people/13052,
P046,Serik Shapkenov,Akim of Atyrau City,Atyrau City Akimat,2016,2018,https://www.gov.kz/memleket/entities/atyrau/about/structure/people/13052,
P046,Serik Shapkenov,First Deputy Akim of Atyrau Region,Atyrau Region Akimat,2018,2020,https://www.gov.kz/memleket/entities/atyrau/about/structure/people/13052,
P046,Serik Shapkenov,Vice Minister of Labor and Social Protection,Ministry of Labor and Social Protection,2020,2021,https://www.gov.kz/memleket/entities/atyrau/about/structure/people/13052,
P046,Serik Shapkenov,Minister of Labor and Social Protection,Ministry of Labor and Social Protection,2021,2022,https://www.gov.kz/memleket/entities/atyrau/about/structure/people/13052,
P046,Serik Shapkenov,Akim of Atyrau Region,Atyrau Region Akimat,2022,Present,https://www.gov.kz/memleket/entities/atyrau/about/structure/people/13052,
P044,Askhat Shakharov,"Akim of Karatobe District, then Baiterek District",West Kazakhstan Region Akimat,2013,2020,https://www.gov.kz/memleket/entities/aktobe/about/structure/people/37018,
P044,Askhat Shakharov,Akim of Aktobe City,Aktobe City Akimat,2020,2022,https://www.gov.kz/memleket/entities/aktobe/about/structure/people/37018,
P044,Askhat Shakharov,State Inspector,Akorda,2022,2023,https://www.gov.kz/memleket/entities/aktobe/about/structure/people/37018,
P044,Askhat Shakharov,Akim of Aktobe Region,Aktobe Region Akimat,2023,Present,https://www.gov.kz/memleket/entities/aktobe/about/structure/people/37018,
P047,Nurymbet Saktaganov,"Chief Expert, Government Representation in Parliament",Government of Kazakhstan (Akhmetov (Daniyal) Government),2006,2007,,"Official akimat bio (gov.kz), Feb 2006-Feb 2007."
P047,Nurymbet Saktaganov,Advisor to the Minister,Ministry of Economy and Budget Planning,2007,2007,,May-Sep 2007.
P047,Nurymbet Saktaganov,"Deputy Chairman, Migration Committee",Ministry of Labor and Social Protection,2007,2010,,
P047,Nurymbet Saktaganov,"State Inspector, State Control and Territorial-Organizational Work Department",Akorda,2010,2012,,
P047,Nurymbet Saktaganov,Deputy Akim,East Kazakhstan Region Akimat,2012,2015,,
P047,Nurymbet Saktaganov,First Deputy Akim,East Kazakhstan Region Akimat,2015,2018,,
P047,Nurymbet Saktaganov,Akim of Ulan District,East Kazakhstan Region Akimat,2018,2021,,
P047,Nurymbet Saktaganov,Akim of Semey City,Semey City Akimat,2021,2021,,Jan-Jun 2021.
P047,Nurymbet Saktaganov,Akim of Zharma District,East Kazakhstan Region Akimat,2022,2022,,Feb-Jun 2022.
P047,Nurymbet Saktaganov,Deputy Akim,Kyzylorda Region Akimat,2022,2023,,
P047,Nurymbet Saktaganov,First Deputy Akim,East Kazakhstan Region Akimat,2023,2025,,
P047,Nurymbet Saktaganov,Akim of East Kazakhstan Region,East Kazakhstan Region Akimat,2025,Present,,"Appointed 17 Feb 2025, same decree wave as Berik Uali (P042)."
P049,Beibit Isabayev,"Senior Leadership, Deputy Akim of Almaty",Almaty Akimat,1994,1997,,
P049,Beibit Isabayev,"Director, Administrative Department",Ministry of Foreign Affairs (MFA),1997,2000,,Includes study at the MFA Diplomatic Academy 1997-1999.
P049,Beibit Isabayev,"Head, Government Information Division, Office of the Prime Minister",Government of Kazakhstan (Tokayev Government),2000,2002,,"Year-only source data; government assignment/split based on researched cabinet transition dates, not an exact-date source."
P049,Beibit Isabayev,"Head, Government Information Division, Office of the Prime Minister",Government of Kazakhstan (Tasmagambetov Government),2002,2002,,"Year-only source data; government assignment/split based on researched cabinet transition dates, not an exact-date source."
P049,Beibit Isabayev,Advisor to the Minister of Foreign Affairs; Ambassador-at-Large; National Coordinator for the Central Asian Cooperation Organisation,Ministry of Foreign Affairs (MFA),2002,2003,,
P049,Beibit Isabayev,Ambassador to Pakistan,Embassy of Kazakhstan in Pakistan (MFA),2003,2008,,Source gives combined 2003-2008 period for the Pakistan and Turkey/Albania postings without a split.
P049,Beibit Isabayev,"Ambassador to Turkey, concurrently to Albania",Embassy of Kazakhstan in Turkey (MFA),2003,2008,,Source gives combined 2003-2008 period for the Pakistan and Turkey/Albania postings without a split.
P049,Beibit Isabayev,Vice Minister of Culture and Information,Ministry of Culture and Information,2008,2009,,
P049,Beibit Isabayev,Press Secretary of the President,Akorda,2008,2009,,
P049,Beibit Isabayev,Ambassador to Kyrgyzstan,Embassy of Kazakhstan in Kyrgyzstan (MFA),2009,2019,,Source gives combined 2009-2019 period for the Kyrgyzstan and Azerbaijan postings without a split.
P049,Beibit Isabayev,Ambassador to Azerbaijan,Embassy of Kazakhstan in Azerbaijan (MFA),2009,2019,,Source gives combined 2009-2019 period for the Kyrgyzstan and Azerbaijan postings without a split.
P049,Beibit Isabayev,Head of the President's Representation in Parliament,Akorda,2019,2022,,Source gives combined 2019-2022 period with the Senate seat.
P049,Beibit Isabayev,"Senator; Chairman, Committee on Socio-Cultural Development and Science",Senate,2019,2022,,Source gives combined 2019-2022 period with the Akorda post.
P049,Beibit Isabayev,Akim of Zhetysu Region,Zhetysu Region Akimat,2022,Present,,"Appointed 11 Jun 2022, at the creation of the new region."
P050,Yermaganbet Bulekpayev,"Deputy Head, Export Control and Licensing Department","Ministry of Industry, Energy and Trade",2002,2006,,Official akimat bio (gov.kz Karaganda).
P050,Yermaganbet Bulekpayev,Deputy Head of the Akim's Apparatus,Pavlodar Region Akimat,2006,2006,,
P050,Yermaganbet Bulekpayev,Akim of Pavlodar District,Pavlodar Region Akimat,2006,2008,,
P050,Yermaganbet Bulekpayev,"Head, Entrepreneurship and Industry Directorate",Pavlodar Region Akimat,2008,2009,,
P050,Yermaganbet Bulekpayev,"Head, Territorial Directorate for Karaganda, South Kazakhstan Regions and Astana - Chairman of the Disciplinary Council",Civil Service Agency,2009,2013,,Years inferred from adjacent posts; source lists the post undated between 2009 and 2013.
P050,Yermaganbet Bulekpayev,"Akim of Saryarka, Almaty and Yesil Districts",Astana City Akimat,2013,2018,,
P050,Yermaganbet Bulekpayev,State Inspector,Akorda,2018,2018,,
P050,Yermaganbet Bulekpayev,Deputy Akim of Karaganda Region,Karaganda Region Akimat,2018,2020,,Deputy to region akim Zhenis Kassymbek (P039) from Sep 2019.
P050,Yermaganbet Bulekpayev,Akim of Karaganda City,Karaganda City Akimat,2020,2022,,
P050,Yermaganbet Bulekpayev,Akim of Karaganda Region,Karaganda Region Akimat,2022,Present,,"Appointed 8 Dec 2022, same reshuffle that moved Kassymbek to Astana."
P048,Yerbol Karashukeyev,"Director, Finance Department - Board Member",KazakhExport State Insurance Corporation JSC,2003,2006,"https://ru.wikipedia.org/wiki/Карашукеев,_Ербол_Шыракпаевич",
P048,Yerbol Karashukeyev,"Director, Consolidated Analysis Department",Ministry of Finance,2006,2007,"https://ru.wikipedia.org/wiki/Карашукеев,_Ербол_Шыракпаевич",
P048,Yerbol Karashukeyev,Managing Director - Board Member,KazAgro National Holding JSC,2007,2007,"https://ru.wikipedia.org/wiki/Карашукеев,_Ербол_Шыракпаевич",
P048,Yerbol Karashukeyev,Chairman of the Board,Fund for Financial Support of Agriculture JSC,2007,2009,"https://ru.wikipedia.org/wiki/Карашукеев,_Ербол_Шыракпаевич",
P048,Yerbol Karashukeyev,"Director, Center for Study of Financial Violations (Accounts Committee)",Accounts Committee,2010,2012,"https://ru.wikipedia.org/wiki/Карашукеев,_Ербол_Шыракпаевич",
P048,Yerbol Karashukeyev,General Director,KBTU Oil and Gas Engineering Institute LLP,2012,2013,"https://ru.wikipedia.org/wiki/Карашукеев,_Ербол_Шыракпаевич",
P048,Yerbol Karashukeyev,Deputy Chairman of the Board,Housing Construction Savings Bank (Otbasy Bank),2013,2016,"https://ru.wikipedia.org/wiki/Карашукеев,_Ербол_Шыракпаевич",
P048,Yerbol Karashukeyev,"Deputy Head, Socio-Economic Monitoring Department",Akorda,2016,2019,"https://ru.wikipedia.org/wiki/Карашукеев,_Ербол_Шыракпаевич",
P048,Yerbol Karashukeyev,"Chairman, Treasury Committee",Ministry of Finance,2019,2019,"https://ru.wikipedia.org/wiki/Карашукеев,_Ербол_Шыракпаевич",Jan-Apr 2019.
P048,Yerbol Karashukeyev,Chairman of the Board,KazAgro National Holding JSC,2019,2021,"https://ru.wikipedia.org/wiki/Карашукеев,_Ербол_Шыракпаевич",
P048,Yerbol Karashukeyev,"Deputy Head, State Control and Territorial-Organizational Work Department",Akorda,2021,2021,"https://ru.wikipedia.org/wiki/Карашукеев,_Ербол_Шыракпаевич","Mar-Apr 2021, acting."
P048,Yerbol Karashukeyev,Vice Minister of Finance,Ministry of Finance,2021,2021,"https://ru.wikipedia.org/wiki/Карашукеев,_Ербол_Шыракпаевич",Apr-Jul 2021.
P048,Yerbol Karashukeyev,Vice Minister of Agriculture,Ministry of Agriculture,2021,2021,"https://ru.wikipedia.org/wiki/Карашукеев,_Ербол_Шыракпаевич","Jul-Aug 2021, acting minister."
P048,Yerbol Karashukeyev,Minister of Agriculture,Ministry of Agriculture,2021,2023,"https://ru.wikipedia.org/wiki/Карашукеев,_Ербол_Шыракпаевич",
P048,Yerbol Karashukeyev,Akim of Zhambyl Region,Zhambyl Region Akimat,2023,Present,https://www.gov.kz/memleket/entities/zhambyl/about/structure/people/20974,
P051,Kumar Aksakalov,Akim of Mendykara District,Kostanay Region Akimat,1998,2002,,Official akimat bio (gov.kz Kostanay). Pre-1998 sovkhoz/kolkhoz posts omitted.
P051,Kumar Aksakalov,Akim of Taranovsky District,Kostanay Region Akimat,2002,2004,,
P051,Kumar Aksakalov,"State Inspector, State Control and Organizational Work Department",Akorda,2004,2006,,
P051,Kumar Aksakalov,Deputy Akim of Zhambyl Region,Zhambyl Region Akimat,2006,2010,,
P051,Kumar Aksakalov,Head of the Central Apparatus; Secretary,Nur Otan Party,2010,2015,,
P051,Kumar Aksakalov,Deputy Head of the Administration of the President,Akorda,2015,2017,,
P051,Kumar Aksakalov,Akim of North Kazakhstan Region,North Kazakhstan Region Akimat,2017,2022,,Mar 2017-Nov 2022.
P051,Kumar Aksakalov,Akim of Kostanay Region,Kostanay Region Akimat,2022,Present,,Appointed 1 Dec 2022.
P052,Murat Yergeshbayev,Akim of Kyzylorda City,Kyzylorda City Akimat,2008,2011,,Official akimat bio (gov.kz Kyzylorda). Source gives combined 2008-2011 for the city akimship and the regional finance directorate.
P052,Murat Yergeshbayev,"Head, Finance Directorate",Kyzylorda Region Akimat,2008,2011,,Source gives combined 2008-2011 period.
P052,Murat Yergeshbayev,"Akim of Karmakshy, then Shieli District",Kyzylorda Region Akimat,2011,2014,,
P052,Murat Yergeshbayev,"Deputy Head, Almaty City Department for Consumer Rights Protection",Ministry of National Economy,2014,2017,,Territorial branch of the republican Consumer Rights Protection Committee; source gives combined 2014-2017 with the KazAgroProduct post.
P052,Murat Yergeshbayev,Managing Director - Head of Apparatus,KazAgroProduct JSC,2014,2017,,Source gives combined 2014-2017 period.
P052,Murat Yergeshbayev,"Head, Employment Coordination and Social Programs Directorate; Akim of Kazaly, then Syrdarya District",Kyzylorda Region Akimat,2017,2021,,
P052,Murat Yergeshbayev,Deputy of the Mazhilis (VIII convocation),Mazhilis,2023,2026,,
P052,Murat Yergeshbayev,Akim of Kyzylorda Region,Kyzylorda Region Akimat,2026,Present,,Appointed by presidential decree 8 May 2026.
P053,Nurdaulet Kilybay,"Head, Economic Analysis and Budget Programs Division, Economic and Tariff Policy Directorate, Railways Committee",Ministry of Transport and Communications,2005,2006,,Official akimat bio (gov.kz Mangystau).
P053,Nurdaulet Kilybay,"Head, Economic and Tariff Policy Directorate, Railways Committee",Ministry of Transport and Communications,2006,2008,,
P053,Nurdaulet Kilybay,"Head, Railway Transport Directorate; Deputy Chairman, Railways Committee",Ministry of Transport and Communications,2008,2009,,
P053,Nurdaulet Kilybay,President,Vokzal-Service JSC,2009,2010,,
P053,Nurdaulet Kilybay,Managing Director for Passenger Transportation,Kazakhstan Temir Zholy JSC,2010,2010,,
P053,Nurdaulet Kilybay,"Acting Chairman, then Chairman, Transport and Railways Committee",Ministry of Transport and Communications,2010,2011,,
P053,Nurdaulet Kilybay,"Director, Mangystau Railway Division branch",Kazakhstan Temir Zholy JSC,2011,2012,,
P053,Nurdaulet Kilybay,"Acting Chairman, then Chairman, Transport and Railways Committee",Ministry of Transport and Communications,2012,2013,,
P053,Nurdaulet Kilybay,Managing Director - Head of Apparatus,Kazakhstan Temir Zholy JSC,2013,2015,,
P053,Nurdaulet Kilybay,Chairman of the Management Board (President),Zholaushylar Tasymaly JSC,2015,2017,,KTZ passenger subsidiary.
P053,Nurdaulet Kilybay,"President, then General Director - Chairman of the Board",Temirzholsu JSC,2017,2018,,
P053,Nurdaulet Kilybay,Deputy Akim of Mangystau Region,Mangystau Region Akimat,2018,2020,,
P053,Nurdaulet Kilybay,Akim of Aktau City,Aktau City Akimat,2020,2022,,
P053,Nurdaulet Kilybay,Deputy Akim of Mangystau Region,Mangystau Region Akimat,2022,2023,,
P053,Nurdaulet Kilybay,General Director,OzenMunaiGas JSC,2023,2024,,"KazMunayGas production subsidiary, Zhanaozen."
P053,Nurdaulet Kilybay,Akim of Mangystau Region,Mangystau Region Akimat,2024,Present,,Appointed 17 May 2024.
P054,Gauez Nurmukhambetov,Akim of Taran District,Kostanay Region Akimat,1997,2002,,Official akimat bio (gov.kz SKO). Pre-1997 sovkhoz agronomist posts omitted.
P054,Gauez Nurmukhambetov,Akim of Karabalyk District,Kostanay Region Akimat,2002,2008,,
P054,Gauez Nurmukhambetov,Akim of Kostanay City,Kostanay City Akimat,2008,2009,,
P054,Gauez Nurmukhambetov,Akim of Auliekol District,Kostanay Region Akimat,2011,2012,,2009-2011 private-sector deputy GM (Sodruzhestvo LLP) omitted.
P054,Gauez Nurmukhambetov,Akim of Kostanay City,Kostanay City Akimat,2012,2014,,
P054,Gauez Nurmukhambetov,"State Inspector, State Control and Organizational-Territorial Work Department",Akorda,2014,2015,,
P054,Gauez Nurmukhambetov,First Deputy Akim of Kostanay Region,Kostanay Region Akimat,2015,2023,,
P054,Gauez Nurmukhambetov,Senator,Senate,2023,2023,,Jan-Sep 2023.
P054,Gauez Nurmukhambetov,Akim of North Kazakhstan Region,North Kazakhstan Region Akimat,2023,Present,,Appointed 23 Sep 2023.
P055,Asain Baikhanov,"Credit Expert to Head, New Banking Products Division, Kazakhstan Small Business Programme",European Bank for Reconstruction and Development (EBRD),2000,2003,,Official akimat bio (gov.kz Pavlodar).
P055,Asain Baikhanov,"Leadership posts, incl. Executive Director, ProCredit Bank Ukraine (Kyiv)",ProCredit Holding AG,2003,2007,,
P055,Asain Baikhanov,Deputy Chairman of the Management Board,Nurbank JSC,2007,2009,,
P055,Asain Baikhanov,Deputy Chairman of the Management Board,KazAgroProduct JSC,2015,2020,,2009-2015 private agribusiness ventures omitted.
P055,Asain Baikhanov,Deputy Akim of Pavlodar Region,Pavlodar Region Akimat,2020,2021,,
P055,Asain Baikhanov,Akim of Pavlodar City,Pavlodar City Akimat,2021,2022,,
P055,Asain Baikhanov,Akim of Pavlodar Region,Pavlodar Region Akimat,2022,Present,,Appointed Dec 2022.
P056,Nariman Turegaliyev,"Deputy Head, Employment and Social Protection / Social Programs Coordination",West Kazakhstan Region Akimat,2003,2008,,Official akimat bio (gov.kz WKO). Pre-2003 farm and district-level posts omitted.
P056,Nariman Turegaliyev,"Director, West Kazakhstan Region Department",Agency for Regulation of Natural Monopolies,2008,2010,,"Territorial branch of republican agency, per republican-vertical rule."
P056,Nariman Turegaliyev,"Head, Employment and Social Programs Directorate",West Kazakhstan Region Akimat,2010,2012,,
P056,Nariman Turegaliyev,Akim of Akzhaik District,West Kazakhstan Region Akimat,2012,2015,,
P056,Nariman Turegaliyev,Deputy Akim of West Kazakhstan Region,West Kazakhstan Region Akimat,2015,2016,,
P056,Nariman Turegaliyev,Akim of Uralsk City,Uralsk City Akimat,2016,2017,,
P056,Nariman Turegaliyev,"Senator; Secretary (2020-2022), then Chairman (2022), Committee on Socio-Cultural Development and Science",Senate,2017,2022,,
P056,Nariman Turegaliyev,Akim of West Kazakhstan Region,West Kazakhstan Region Akimat,2022,Present,,Appointed 2 Dec 2022.
P057,Nuralkhan Kusherov,"Deputy Head, Astana City Tax / State Revenues Department",Ministry of Finance,2014,2015,,Official akimat bio (gov.kz Turkestan). District-level tax posts 2009-2014 omitted.
P057,Nuralkhan Kusherov,Deputy Akim of Shymkent City,Shymkent City Akimat,2015,2018,,
P057,Nuralkhan Kusherov,"Head, Aktau City State Revenues Directorate",Ministry of Finance,2018,2018,,
P057,Nuralkhan Kusherov,"Head, Shymkent City State Revenues Department",Ministry of Finance,2018,2021,,
P057,Nuralkhan Kusherov,"Head, Atyrau Region State Revenues Department",Ministry of Finance,2021,2023,,
P057,Nuralkhan Kusherov,Deputy Akim of Turkestan Region,Turkestan Region Akimat,2023,2025,,Deputy to region akim Darkhan Satybaldy (P040).
P057,Nuralkhan Kusherov,Akim of Turkestan Region,Turkestan Region Akimat,2025,Present,,"Appointed Jan 2025, succeeding Satybaldy."
P058,Dastan Ryspekov,"Head, Economic Policy and Sectoral Planning Division, Economy and Budget Planning Department",Almaty City Akimat,2007,2011,,Official akimat bio (gov.kz Ulytau). 2006 chief-specialist year omitted.
P058,Dastan Ryspekov,"Head, Planning, Reporting and Informatization Division",Almaty City Audit Commission,2011,2012,,
P058,Dastan Ryspekov,"Deputy Head, Economy and Budget Planning Directorate",Almaty City Akimat,2013,2015,,
P058,Dastan Ryspekov,"Head, Planning and Monitoring Sector",Accounts Committee,2015,2016,,
P058,Dastan Ryspekov,"Director, Accounting and Reporting Department - Chief Accountant",Astana EXPO-2017 National Company JSC,2016,2018,,
P058,Dastan Ryspekov,"Head, Entrepreneurship, Trade and Tourism Directorate",Pavlodar Region Akimat,2018,2019,,
P058,Dastan Ryspekov,"Director, Economy and Budget Planning Department",Astana EXPO-2017 National Company JSC,2019,2020,,
P058,Dastan Ryspekov,"Chairman, Tourism Industry Committee",Ministry of Culture and Sports,2020,2023,,
P058,Dastan Ryspekov,Deputy Akim of Ulytau Region,Ulytau Region Akimat,2023,2024,,
P058,Dastan Ryspekov,State Inspector,Akorda,2024,2024,,Mar-Oct 2024.
P058,Dastan Ryspekov,Akim of Ulytau Region,Ulytau Region Akimat,2024,Present,,Appointed 9 Oct 2024.
P059,Yermek Sagimbayev,Operational and leadership posts,National Security Committee (KNB),1994,2006,,Official KNB bio (gov.kz).
P059,Yermek Sagimbayev,"Operational and leadership posts, Presidential Protection Service",State Protection Service (SGO),2006,2019,,
P059,Yermek Sagimbayev,Deputy Head of the State Protection Service - Head of the Presidential Protection Service,State Protection Service (SGO),2019,2021,,
P059,Yermek Sagimbayev,"Acting Head, then Head",State Protection Service (SGO),2021,2022,,
P059,Yermek Sagimbayev,Chairman,National Security Committee (KNB),2022,Present,,"Appointed Jan 2022, after the January events."
P060,Ali Altynbayev,"Executive and leadership posts, State Revenues Committee",Ministry of Finance,2001,2020,,Official KNB bio (gov.kz).
P060,Ali Altynbayev,"Leadership posts, Economic Investigation Department",Agency for Financial Monitoring,2020,2021,,
P060,Ali Altynbayev,"Chairman, State Revenues Committee",Ministry of Finance,2021,2022,,Succeeded Sultangaziyev (P045) as SRC chairman.
P060,Ali Altynbayev,Deputy Chairman,National Security Committee (KNB),2022,2024,,
P060,Ali Altynbayev,First Deputy Chairman,National Security Committee (KNB),2024,Present,,From Sep 2024.
P062,Zhandos Shaimardanov,Advisor to the Minister,Ministry of Economy and Budget Planning,2013,2014,,Official KISI bio. 2009-2013 chief-expert and Samruk-Kazyna manager posts omitted as junior.
P062,Zhandos Shaimardanov,"Director, Strategic Planning and Analysis Department",Ministry of National Economy,2014,2016,,
P062,Zhandos Shaimardanov,"Department Director, then Managing Director",Baiterek National Holding JSC,2016,2019,,
P062,Zhandos Shaimardanov,Chairman of the Management Board,QazTech Ventures JSC,2019,2020,,
P062,Zhandos Shaimardanov,"Director, Monetary Policy Department",National Bank of Kazakhstan,2020,2022,,
P062,Zhandos Shaimardanov,"Head, National Statistics Bureau",Agency for Strategic Planning and Reforms,2022,2023,,
P062,Zhandos Shaimardanov,Chairman,Agency for Strategic Planning and Reforms,2023,2025,,
P062,Zhandos Shaimardanov,Vice Minister of National Economy,Ministry of National Economy,2025,2025,,May-Jun 2025.
P062,Zhandos Shaimardanov,"Director, Kazakhstan Institute for Strategic Studies",Kazakhstan Institute for Strategic Studies,2025,Present,,Appointed 16 Jun 2025.
P061,Askar Omarov,Editor-in-Chief (incl. Almaty branch); Deputy Director,RTRC Kazakhstan (state broadcaster),2004,2007,"https://ru.wikipedia.org/wiki/Умаров,_Аскар_Куанышевич",
P061,Askar Omarov,Senior Manager,KazMunayGas JSC,2007,2007,"https://ru.wikipedia.org/wiki/Умаров,_Аскар_Куанышевич",Feb-Oct 2007.
P061,Askar Omarov,Creative Director,Infinity Communication,2007,2008,"https://ru.wikipedia.org/wiki/Умаров,_Аскар_Куанышевич",
P061,Askar Omarov,"First Deputy General Director, Nur-Media holding",Nur Otan Party,2008,2010,"https://ru.wikipedia.org/wiki/Умаров,_Аскар_Куанышевич",Nur-Media coded under Nur Otan Party per Uali (P042) precedent.
P061,Askar Omarov,Vice-President,Turkic Academy,2011,2013,"https://ru.wikipedia.org/wiki/Умаров,_Аскар_Куанышевич",
P061,Askar Omarov,Managing Director,Astana EXPO-2017 National Company JSC,2014,2014,"https://ru.wikipedia.org/wiki/Умаров,_Аскар_Куанышевич",
P061,Askar Omarov,President,KazBusinessMedia Public Foundation,2014,2017,"https://ru.wikipedia.org/wiki/Умаров,_Аскар_Куанышевич",
P061,Askar Omarov,General Director,Kazinform / Kazcontent (state media),2017,2020,"https://ru.wikipedia.org/wiki/Умаров,_Аскар_Куанышевич",
P061,Askar Omarov,Chairman of the Board,Kazinform / Kazcontent (state media),2020,2021,"https://ru.wikipedia.org/wiki/Умаров,_Аскар_Куанышевич",
P061,Askar Omarov,Vice Minister of Information and Public Development,Ministry of Information and Public Development,2021,2022,"https://ru.wikipedia.org/wiki/Умаров,_Аскар_Куанышевич",From Aug 2021.
P061,Askar Omarov,Minister of Information and Public Development,Ministry of Information and Public Development,2022,2022,"https://ru.wikipedia.org/wiki/Умаров,_Аскар_Куанышевич",Jan-Sep 2022.
P061,Askar Omarov,Director,Central Communications Service,2022,Present,https://mirror.akorda.kz/ru/memleket-basshysynyn-okimimen-askar-kuanyshuly-omarov-kazakstan-respublikasynyn-prezidenti-zhanyndagy-ortalyk-kommunikaciyalar-kyzmeti-respublikalyk-memlekettik-mekemesinin-direktory-lauazymyna-tagayyndaldy-28146,Appointed 2 Sep 2022.
P063,Askhat Tuleuov,Officer posts,National Security Committee (KNB),1994,1998,,Official KNB bio (gov.kz).
P063,Askhat Tuleuov,Leadership posts,National Security Committee (KNB),1998,2023,,
P063,Askhat Tuleuov,Deputy Chairman,National Security Committee (KNB),2023,Present,,From Apr 2023.
P064,Bakytbek Rakhymberdiyev,Officer posts,National Security Committee (KNB),1996,1999,,Official KNB bio (gov.kz).
P064,Bakytbek Rakhymberdiyev,Leadership posts,National Security Committee (KNB),1999,2024,,
P064,Bakytbek Rakhymberdiyev,"Deputy Chairman - Head, Anti-Terror Service",National Security Committee (KNB),2024,Present,,From Sep 2024.
P065,Almas Naimantayev,Operational posts,National Security Committee (KNB),1998,2007,,Official KNB bio (gov.kz).
P065,Almas Naimantayev,Leadership posts,National Security Committee (KNB),2007,2024,,
P065,Almas Naimantayev,Deputy Chairman,National Security Committee (KNB),2024,Present,,From Sep 2024.
P066,Ruslan Sarkulov,Operational posts,National Security Committee (KNB),1993,2009,,Official KNB bio (gov.kz).
P066,Ruslan Sarkulov,Leadership posts,National Security Committee (KNB),2009,2024,,
P066,Ruslan Sarkulov,Deputy Chairman,National Security Committee (KNB),2024,Present,,From Sep 2024.
P067,Berik Kunanbayev,Operational posts,National Security Committee (KNB),2002,2013,,Official KNB bio (gov.kz).
P067,Berik Kunanbayev,Leadership posts,National Security Committee (KNB),2013,2020,,
P067,Berik Kunanbayev,"Deputy Chairman - Director, Special Purpose Service ""A"" (Arystan)",National Security Committee (KNB),2024,Present,,From Jan 2024; source leaves 2022-2024 blank.
P068,Marat Zhumabayev,Operational posts,National Security Committee (KNB),1996,2011,,Official KNB bio (gov.kz).
P068,Marat Zhumabayev,Leadership posts,National Security Committee (KNB),2011,2024,,
P068,Marat Zhumabayev,"Deputy Chairman - Director, Foreign Intelligence Service",National Security Committee (KNB),2024,Present,,From Sep 2024.
P069,Marat Irmenov,Operational posts,National Security Committee (KNB),1996,2000,,Official KNB bio (gov.kz).
P069,Marat Irmenov,"Head, KNB Department for Almaty City",National Security Committee (KNB),2022,2025,https://online.zakon.kz/Document/?doc_id=37837349,
P069,Marat Irmenov,Leadership posts,National Security Committee (KNB),2000,2025,,
P069,Marat Irmenov,Deputy Chairman,National Security Committee (KNB),2025,Present,,From Oct 2025.
P070,Yerlan Aldazhumanov,"Officer and leadership posts, Border Service",National Security Committee (KNB),1987,2022,,Official KNB bio (gov.kz).
P070,Yerlan Aldazhumanov,"Deputy Chairman - Director, Border Service",National Security Committee (KNB),2022,Present,,From May 2022.